NC_020479	Bacillus phage Curly, complete genome.	Bacillus pumilus	adf5d1915761bfffccccc7e9da7afb72	YES
NC_021772	Salmonella phage FSL SP-058, complete genome.	Salmonella enterica	688e20a48a9d13b22fa67b2d22d6197a	YES
NC_021782	Salmonella phage FSL SP-076, complete genome.	Salmonella enterica	7fedeb22e068d565d34e7f49ae4c17f3	YES
NC_018863	Bacillus phage B4, complete genome.	Bacillus cereus	17c4714204ba740bee4ee3b4c65fd652	YES
NC_022091	Pseudomonas phage MPK7, complete genome.	Pseudomonas aeruginosa	ac1e0bbc36949f5f465b2d4aed841e8c	YES
NC_021801	Staphylococcus phage SA12, complete genome.	Staphylococcus aureus	db9e72c26e2319c3c0c1e0d343680cbb	YES
NC_021776	Vibrio phage vpms1, complete genome.	Vibrio parahaemolyticus	75669576060f50af4ccf47915da1744c	YES
NC_019419	Enterobacteria phage JL1, complete genome.	Escherichia coli	0cfe2adcd433997e39c9930a69a1768e	YES
NC_022746	Pseudomonas phage MPK6, complete genome.	Pseudomonas aeruginosa	638ec4d66a803598bfa2c80383b8d324	YES
NC_022747	Vibrio phage VPUSM 8, complete genome.	Vibrio cholerae	d524e70a7d05571f8ce4a1d46adfb5ae	YES
NC_022749	Shigella phage SfIV, complete genome.	Shigella flexneri	911f4ac98cb0eda672aca2a5fcc9bda8	YES
NC_022752	Salmonella phage SETP13, complete genome.	Salmonella enteritidis	6e89723c361fa9288d876b1280d34241	YES
NC_022754	Salmonella phage SETP7, complete genome.	Salmonella enteritidis	61dac7fda21b3e44e7a7592ac01b4112	YES
NC_022758	Staphylococcus phage YMC/09/04/R1988, complete genome.	methicillin-resistant Staphylococcus	b991dc8f12a9abdeca28c6a76eccc471	YES
NC_022776	Streptococcus phage TP-778L complete genome.	Streptococcus thermophilus	d667abec5dd0ab1fb75f5f5628c9337d	YES
NC_022791	Streptococcus phage phiBHN167 complete genome.	Streptococcus pneumoniae	1ba630f8def3fedd68ee53244211e59c	YES
NC_021773	Staphylococcus phage JS01, complete genome.	Staphylococcus aureus	53aeb8af8acd1a00bbd6965db1f2faf2	YES
NC_022915	Ralstonia phage RSK1 DNA, complete genome.	Ralstonia solanacearum	3837d316c945fbe6f165a40639244976	YES
NC_022917	Ralstonia phage RSB3 DNA, complete genome.	Ralstonia solanacearum	a157b41d32091e0c9d2f104bde954ac5	YES
NC_022914	Staphylococcus phage phiRS7, complete genome.	Staphylococcus saprophyticus	1207d948950a6d3e23f55ad7b142fcc2	YES
NC_022916	Burkholderia phage JG068, complete genome.	Burkholderia cenocepacia	5d90a4c9c6cbc61fe1a26847c5bc60ab	YES
NC_003525	Stx2 converting phage I, complete genome.	Escherichia coli	fa5cc3f228fb592857b65c0710cde0d1	YES
NC_022966	Pseudomonas phage PAK_P5, complete genome.	Pseudomonas aeruginosa	c1a73668e2d68ec62b1db954648d7516	YES
NC_022967	Pseudomonas phage PAK_P2, complete genome.	Pseudomonas aeruginosa	a6cabb65000ad61de880987a2a737308	YES
NC_022970	Pseudomonas phage PAK_P3, complete genome.	Pseudomonas aeruginosa	2f1e524b76eeab105eba35894874f48c	YES
NC_022974	Pseudomonas phage CHA_P1, complete genome.	Pseudomonas aeruginosa	708a42d97020ee9bb138566c1c08a301	YES
NC_022986	Pseudomonas phage PAK_P4, complete genome.	Pseudomonas aeruginosa	3cf295e0e84259fff30e7e73e46bdd32	YES
NC_015294	Pseudomonas phage PAK_P1, complete genome.	Pseudomonas aeruginosa	48737751e366afb8f4a79874e5e09c11	YES
NC_022750	Enterobacteria phage fiAA91-ss, complete genome.	Escherichia coli	c89fd6cd024a6523aedd4a66a02f061c	YES
NC_023009	Staphylococcus phage Sb-1, complete genome.	Staphylococcus aureus	73deb1acfd0b9fa719cae4a27753ab45	YES
NC_012223	Enterobacteria phage SSL-2009a, complete genome.	Escherichia coli	95340366862f769a1f04b4c314428636	YES
NC_020081	Bacillus phage phiAGATE, complete genome.	Bacillus pumilus	b152e7893b9aa285a06bd247e1a4e7a3	YES
NC_021331	Shigella phage pSf-1, complete genome.	Shigella flexneri	09c96c4e39580c7362bac29c7e32a590	YES
NC_021344	Escherichia phage Lw1, complete genome.	Escherichia coli	0114a9c2b73cfb552569f2082aceed8b	YES
NC_022763	Bacillus phage Spock, complete genome.	Bacillus thuringiensis	c065ee1d416c1d428fef82b8c7a9594f	YES
NC_022765	Bacillus phage Riggi, complete genome.	Bacillus pumilus	1a6c1c6dd6ffe158bcf37cb594d1a5ba	YES
NC_022766	Bacillus phage Glittering, complete genome.	Bacillus pumilus	ae1eb1c7923cf7fc1eccb7e495627b35	YES
NC_022767	Bacillus phage Staley, complete genome.	Bacillus megaterium	939532bed3f401e4b6e5939451d3560f	YES
NC_022769	Bacillus phage BigBertha, complete genome.	Bacillus thuringiensis	a629cd21fbe0445b2475b0fc997cbe6d	YES
NC_022770	Bacillus phage Pony, complete genome.	Bacillus megaterium	1e71393fd9839e2b2244dbc0e76dddb7	YES
NC_022771	Bacillus phage Grass, complete genome.	Bacillus subtilis	53642f8dda1ee3fee29215e06c6e8468	YES
NC_022772	Salmonella phage Marshall, complete genome.	Salmonella enteritidis	efccbd0d19f6e3700dc2f80e69dd1a95	YES
NC_022773	Bacillus phage Blastoid, complete genome.	Bacillus pumilus	ac5d7c451018d64f9ac8e35d2e3fed65	YES
NC_020205	Xanthomonas citri phage CP2 DNA, complete genome.	Xanthomonas citri	c6a7a7b8e6b67bb4ace7e239dd465529	YES
NC_019933	Xanthomonas phage CP1 DNA, complete genome.	Xanthomonas citri	344b0a463fb57ddecccd465a0f9ce8d2	YES
NC_022761	Bacillus phage CampHawk, complete genome.	Bacillus subtilis	e16529c9d7a39d9bacffa8e0ba18e9a2	YES
NC_022762	Lactobacillus phage phiLdb, complete genome.	Lactobacillus delbrueckii	2e3144f3712f8d271820f1fd8236ecd5	YES
NC_008265	Clostridium phage phiSM101, complete genome.	Clostridium perfringens	ca8cad38748b0c522078db3f30f5e038	YES
NC_013597	Aggregatibacter phage S1249, complete sequence.	Aggregatibacter actinomycetemcomitans	061d4803f5e5804b2f910cc6bede61c5	YES
NC_017732	Enterococcus phage EF62phi, complete genome.	Enterococcus faecalis	bf27d316acf0a680b33e6908d6b6ed87	YES
NC_018285	Streptococcus phage YMC-2011, complete genome.	Streptococcus salivarius	b2b95ff35d168225be2a5ad94590ecf2	YES
NC_018264	Thermoanaerobacterium phage THSA-485A, complete genome.	Thermoanaerobacterium saccharolyticum	ebb8cf1766562745f868cea5250a401e	YES
NC_002180	Chlamydia phage phiCPAR39, complete sequence.	Chlamydophila pneumoniae	bcb8538d658853a06d49c213454e448e	YES
NC_023503	Streptococcus phage 20617 complete prophage genome.	Streptococcus thermophilus	e996c31319f1cb9a82b93411083957f8	YES
NC_023499	Staphylococcus phage StauST398-4, complete genome.	Staphylococcus aureus	9422576ec3e465bae35c57605c4edaa2	YES
NC_023500	Staphylococcus phage StauST398-5, complete genome.	Staphylococcus aureus	3fb777190f2191283d92ac13718d83c4	YES
NC_023502	Rhizobium phage vB_RleS_L338C, complete genome.	Rhizobium leguminosarum	ac3eedc2621d7c3e7677564ee680bf7e	YES
NC_023560	Oenococcus phage phiS13, complete genome.	Oenococcus oeni	b0be22ee0a5f4757abf22d1d9176f807	YES
NC_023571	Oenococcus phage phiS11, complete genome.	Oenococcus oeni	8602af5de30171107896bc76e5923810	YES
NC_023573	Staphylococcus phage phiSA012 DNA, complete genome.	Staphylococcus aureus	4c70900fd671cacb3155fba414a7dda6	YES
NC_023583	Pseudomonas phage TL complete genome.	Pseudomonas aeruginosa	893be2287d94eb6301f9e4801f8c3a37	YES
NC_023601	Pseudomonas phage phiPsa374, complete genome.	Pseudomonas syringae	aa21876f19fa6c538c05e5b640582299	YES
NC_023608	Salmonella phage vB_SenS-Ent2 complete genome.	Salmonella enterica	f8c55728383c8352b45bb09003fd93d4	YES
NC_023610	Erwinia phage PhiEaH1, complete genome.	Erwinia amylovora	7adfaf5406c507661bb5ce3e004298a8	YES
NC_023555	Edwardsiella phage eiAU-183, complete genome.	Edwardsiella ictaluri	017f68c20281b0e4453b7afdb9a0b025	YES
NC_023561	Enterobacter phage PG7, complete genome.	Enterobacter cloacae	85cbebbc2930666f80dd9b1a7674e339	YES
NC_023569	Vibrio phage SHOU24, complete genome.	Vibrio parahaemolyticus	60e6ab012c2d22d54d8d222869eaf152	YES
NC_023570	Acinetobacter phage Petty, complete genome.	Acinetobacter baumannii	76433cf7fe4b1fb2ade3f6eecacf6ea7	YES
NC_023581	Acinetobacter phage Presley, complete genome.	Acinetobacter baumannii	e73396da53f089a504ed6735a7f307f5	YES
NC_023588	Stenotrophomonas phage Smp131, complete genome.	Stenotrophomonas maltophilia	ff5a1a04da94610e59bb70811d177a96	YES
NC_023589	Shigella phage pSb-1, complete genome.	Shigella boydii	427715c9485ffab501ccf335724194e2	YES
NC_023590	Acinetobacter phage IME_AB3, complete genome.	Acinetobacter baumannii	a4211450a6929f9de573cc0920e4248a	YES
NC_023591	Mycobacterium phage Adler, complete genome.	Mycobacterium abscessus	70522875f9619db2645753ed4778d91b	YES
NC_023593	Escherichia phage KBNP1711, complete genome.	Escherichia coli	804b2234958d1909b7040c00e0a3c625	YES
NC_023594	Shewanella phage Spp001, complete genome.	Shewanella putrefaciens	436bc52800658e7841c892ae85fce461	YES
NC_023599	Bacillus phage phiCM3, complete genome.	Bacillus thuringiensis	2ee06046e4ffbe70c5c00fd8eb0b7828	YES
NC_023549	Clavibacter phage CN1A, complete genome.	Clavibacter michiganensis	9e2ebc09ad640c5fd4d3e30ee7fa6df7	YES
NC_023605	Vibrio phage PVA1, complete genome.	Vibrio alginolyticus	4ac679aa7fd1ab200a6f868c2b06ba36	YES
NC_023612	Geobacillus phage GBK2, complete genome.	Geobacillus kaustophilus	257035c346a6cb2a73866dd29b5e897b	YES
NC_023614	Croceibacter phage P2559Y, complete genome.	Croceibacter atlanticus	2a53bdab22ebd8d34235d3b1cc9b459b	YES
NC_023574	Lactococcus phage phiL47, complete genome.	Lactococcus lactis	96494240ddd754e91209a03775f135e2	YES
NC_022096	Pseudomonas phage PaBG, complete genome.	Pseudomonas aeruginosa	74bfd70f17232bd1ba483f9ed8ae9f7f	YES
NC_023688	Aeromonas phage PX29, complete genome.	Aeromonas salmonicida	9ffc7e51d4e417b812f317fa5dfcca46	YES
NC_023694	Rhodococcus phage ReqiPoco6, complete genome.	Rhodococcus equi	dc881aac9424f05405f44854f6199d21	YES
NC_023700	Pseudomonas phage PA1/KOR/2010, complete genome.	Pseudomonas aeruginosa	a626f33ded45b8760da8fe8838ae5f23	YES
NC_023706	Rhodococcus phage ReqiDocB7, complete genome.	Rhodococcus equi	bb2ac0c98553eaa2e3eccc873fea3eb7	YES
NC_023715	Yersinia phage Yep-phi, complete genome.	Yersinia pestis	266a45c342da235beb146d8657b5bb87	YES
NC_023717	Cronobacter phage CR9, complete genome.	Cronobacter sakazakii	8bb885bba6e84c0a5cdd93ba8e00d888	YES
NC_023722	Rhodococcus phage ReqiPine5, complete genome.	Rhodococcus equi	6e644a7334beeb5196579df9543d722e	YES
NC_023735	Rhodococcus phage ReqiPepy6, complete genome.	Rhodococcus equi	41a361d9110d22cb75be7a34e5906286	YES
NC_023736	Ralstonia phage RSB2 DNA, complete genome.	Ralstonia solanacearum	8faa6cc02b17be94d590d7aca1daf2a7	YES
NC_021867	Flavobacterium phage 6H, complete genome.	Flavobacterium psychrophilum	dce1182a4a84e80eafb52940951706ad	YES
NC_023865	Pectobacterium phage PM1, complete genome.	Pectobacterium carotovorum	fc535209fad08aad9aab9b4a16b4cb2f	YES
NC_022982	Phage Paz, complete genome.	Xylella fastidiosa	70cdb21f253c7e60505b6f205f24efdb	YES
NC_022987	Phage Prado, complete genome.	Xylella fastidiosa	83878f1fbac618df1fad3b207c8c769d	YES
NC_023007	Bacillus phage vB_BanS-Tsamsa, complete genome.	Bacillus anthracis	e7284c096f9fcc6e529a5db7b38033ef	YES
NC_023596	Pseudomonas phage SPM-1, complete genome.	Pseudomonas aeruginosa	fdb5a2b2c29a2318ce72e89d7d73af19	YES
NC_022768	Salmonella phage Maynard, complete genome.	Salmonella typhimurium	39a1d39336b02425a43674ba87d18d1e	YES
NC_022774	Bacillus phage Slash, complete genome.	Bacillus megaterium	c00ca7d473bf9cab2d9be1b066b516d9	YES
NC_023575	Pseudomonas phage vB_PaeP_Tr60_Ab31.	Pseudomonas aeruginosa	472d80edcfe145898bef081e60caff4d	YES
NC_021783	Salmonella phage iEPS5, complete genome.	Salmonella enterica	f18299c894de9d53679e8092520c47d6	YES
NC_022764	Bacillus phage Page, complete genome.	Bacillus megaterium	ba6deab3354437c65a26ebf800be6b80	YES
NC_024123	Pseudomonas phage KPP25 DNA, complete sequence.	Pseudomonas aeruginosa	c6fa2c3f2623ca525faf2f2a5dd572c8	YES
NC_024121	Serratia phage PS2, complete genome.	Serratia marcescens	f7575fd6518e0488e729ae31ebd62727	YES
NC_024134	Escherichia phage vB_EcoM_FFH2, complete genome.	Escherichia coli	5e1adf6a87b976a342d6cfa90fae27f1	YES
NC_024139	Escherichia phage vB_EcoS_FFH1, complete genome.	Escherichia coli	03dd40e22aee5453b3a93a096a8b3431	YES
NC_024140	Pseudomonas phage vB_PaeP_C2-10_Ab09, complete genome.	Pseudomonas aeruginosa	c58c081217e886fcf70aafd17d028b07	YES
NC_024142	Enterobacteria phage Bp4, complete genome.	Escherichia coli	e0efaf3ad8376f46a62c291f84ed6b82	YES
NC_024146	Enterobacteria phage 9g, complete genome.	Escherichia coli	6874a70e8e1318e8c258a9a760de79e2	YES
NC_024149	Lactoccocus phage WP-2, complete genome.	Lactococcus garvieae	7f4a847e98042bfd8c4fb75f991742ac	YES
NC_024124	Escherichia phage vB_EcoM_JS09, complete genome.	avian pathogenic	9f9eacc2071cd2277ab5d793fa44a8b3	YES
NC_024204	Salmonella phage vB_SenS-Ent3 complete genome.	Salmonella enterica	874a0bbe7bbbe19d3d3e75a267066baf	YES
NC_024216	Bacillus phage CAM003, complete genome.	Bacillus thuringiensis	ac96571087580692ddd0697d5d4029e5	YES
NC_024212	Enterococcus phage VD13, complete genome.	Enterococcus faecalis	c34186166cd33726e1de8ddd36f427e4	YES
NC_024203	Lactococcus phage P092, complete genome.	Lactococcus lactis	2a364fd4cb4686907fa7f74caf67eef1	YES
NC_024208	Lactococcus phage P118, complete genome.	Lactococcus lactis	60ed0be86621593764acc7b130f8698c	YES
NC_024214	Lactococcus phage P162, complete genome.	Lactococcus lactis	317687cadf981a8efbeb48899fb1a449	YES
NC_024215	Lactococcus phage P078, complete genome.	Lactococcus lactis	409109289dd75f561f5aeaf3f170fcd9	YES
NC_019405	Caulobacter phage phiCbK, complete genome.	Caulobacter crescentus	9d09fc38d5bb59fb80a3e3ab32c272e1	YES
NC_021342	Edwardsiella phage PEi21, complete genome.	Edwardsiella ictaluri	36be7aaf97d5db4a5df8b85419149905	YES
NC_023595	Enterococcus phage IME_EF3, complete genome.	Enterococcus faecalis	cbe6664094b505ac0500402aec2dbbfc	YES
NC_023558	Cronobacter phage Dev2, complete genome.	Cronobacter turicensis	610506aaa23c11636934ae44a4cddd9f	YES
NC_005880	Staphylococcus phage K, complete genome.	Staphylococcus aureus	ae862ea3c4a0dacd0767cf4369c5dc53	YES
NC_023863	Vibrio phage CHOED, complete genome.	Vibrio anguillarum	f8e2fa6c64c4c2c92bfb649728b65327	YES
NC_024137	Bacillus phage Bcp1, complete genome.	Bacillus cereus	a6d5ee0478ba6871ae45b36642577ddc	YES
NC_023597	Mycobacterium phage 20ES, complete genome.	Mycobacterium smegmatis	158c49f2ce307840f530620431110a90	YES
NC_023604	Mycobacterium phage Jolie2, complete genome.	Mycobacterium smegmatis	0fbf4feeffc7beb2228747dd701a81c5	YES
NC_023606	Mycobacterium phage CRB1, complete genome.	Mycobacterium smegmatis	36b7a58754cd49f046121c319f7dccae	YES
NC_024330	Pseudomonas phage JD024, complete genome.	Pseudomonas aeruginosa	77221b6d25ee2e13178d0315655cd097	YES
NC_024357	Streptococcus phage K13, complete sequence.	Streptococcus pneumoniae	a108bec4d7bdd461c8bef95d90b22dfe	YES
NC_024360	Listeria phage LMSP-25, complete genome.	Listeria monocytogenes	aad25152540a609e17748f6ada519c68	YES
NC_024361	Streptococcus phage DCC1738, complete sequence.	Streptococcus pneumoniae	06b9a1e481398e4378f24f9ffed70cb3	YES
NC_024364	Listeria phage List-36, complete genome.	Listeria monocytogenes	b7b224e6afc28b367c28fe0be2f7d6ba	YES
NC_024365	Pseudomonas phage phiPSA1, complete genome.	Pseudomonas syringae	7d9799872341ecc1bdea791bb698ca9b	YES
NC_024370	Streptococcus phage IC1, complete sequence.	Streptococcus pneumoniae	ea0a7609a2434aab27357b295c65d782	YES
NC_024354	Cronobacter phage CR8, complete genome.	Cronobacter sakazakii	c5faa11b1ed58cd7c91eebe8497237a0	YES
NC_024356	Enterococcus phage IME-EFm1, complete genome.	Enterococcus faecium	fba2f4831a1b39f3c720e1bc52d90491	YES
NC_024358	Anabaena phage A-4L, complete genome.	Anabaena variabilis	6bb1e2d1a0059965baa3b08ebf866a3a	YES
NC_024359	Listeria phage LP-048, complete genome.	Listeria monocytogenes	c7a20fd9cb9460b8f995e7b0e337d974	YES
NC_024362	Pseudomonas phage phiPSA2, complete genome.	Pseudomonas syringae	478b5cfeea6420427bf818c95d2d3a72	YES
NC_024367	Dinoroseobacter phage DFL12phi1, complete genome.	Dinoroseobacter shibae	72d76b421b3fe308fe73297c47c37a0b	YES
NC_024369	Vibrio phage X29, complete genome.	Vibrio cholerae	8c59160a1f888fc8a6c8f9867032053f	YES
NC_024375	Listeria phage LP-026, complete genome.	Listeria monocytogenes	5281ad31d40f8c529baa3e1be8bb68ea	YES
NC_024381	Pseudomonas phage vB_PaeS_SCH_Ab26, complete genome.	Pseudomonas aeruginosa	2572d25c9c7a7ddd084020478e6fb95b	YES
NC_024378	Leuconostoc phage phiLNTR3, complete genome.	Leuconostoc mesenteroides	0f962ac9b0dd17fb5f917ed707f1d8c5	YES
NC_024379	Escherichia phage PE3-1, complete genome.	Escherichia coli	3a2cf9fec1d661c4b3fa753967ca8670	YES
NC_024383	Listeria phage LP-083-2, complete genome.	Listeria monocytogenes	47dc34313ba50d3af6ea529d1f96f172	YES
NC_024384	Listeria phage LP-030-3, complete genome.	Listeria monocytogenes	a3f5b6ffe99172a9ee9884f416d3f7f7	YES
NC_024386	Leuconostoc phage phiLN25, complete genome.	Leuconostoc mesenteroides	e3bb641e0e3364c2d05b69ae2dc769a4	YES
NC_024387	Listeria phage LP-101, complete genome.	Listeria monocytogenes	ad513085f1338fae8efdcccde42f8c2d	YES
NC_024388	Leuconostoc phage phiLN34, complete genome.	Leuconostoc mesenteroides	f287e38088fcf2fbc3930b3bf31f4bd8	YES
NC_024389	Leuconostoc phage phiLNTR2, complete genome.	Leuconostoc mesenteroides	cf4394aa86d672c8e08579b77c924a06	YES
NC_024391	Staphylococcus phage DW2, complete genome.	Staphylococcus aureus	9231ccc8d8d62e3c1b2c224755bc96f9	YES
NC_024392	Listeria phage LP-114, complete genome.	Listeria monocytogenes	c7fd6de7925e1f04140c017047ef9ca3	YES
NC_023548	Citrobacter phage CR8 complete genome.	Citrobacter rodentium	ae9f8f3a90c9f8689800a29c1ae02f52	YES
NC_023576	Citrobacter phage CR44b, complete genome.	Citrobacter rodentium	62785c9ad937bbbede17016897b46b7f	YES
NC_012753	Streptococcus phage 5093, complete genome.	Streptococcus thermophilus	29cf9f998996ca5640d45b0a556cb40d	YES
NC_007924	Lactobacillus phage KC5a, complete genome.	Lactobacillus gasseri	515cd4164dddd982778cbb241b0cdf83	YES
NC_018277	Staphylococcus phage SpaA1, complete genome.	Staphylococcus pasteuri	e28c573b8536c5bac292173c6a6c9ec1	YES
NC_018273	Leuconostoc phage Lmd1, complete genome.	Leuconostoc mesenteroides	b7c2bd5185f79354b97b6990ea63a482	YES
NC_018274	Pseudomonas phage MP42, complete genome.	Pseudomonas aeruginosa	18c3e6c200bece1cd3e718ac0fb5664f	YES
NC_018276	Croceibacter phage P2559S, complete genome.	Croceibacter atlanticus	7d6d7b2039d79e1f4cd5ab0d3a89c057	YES
NC_018278	Burkholderia phage KL1, complete genome.	Burkholderia cenocepacia	6a36279f49b8212e408dd8bf7344c57e	YES
NC_018283	Burkholderia phage AH2, complete genome.	Burkholderia cenocepacia	00f1e4fb27698d8d57af7eb1ae34f515	YES
NC_018282	Pseudomonas phage MP1412, complete genome.	Pseudomonas aeruginosa	d105b4121a8471229c500c86bbf33652	YES
NC_018281	Staphylococcus phage vB_SepiS-phiIPLA5, complete genome.	Staphylococcus epidermidis	eeb1f7e98eb408996b8429b43f4b27c0	YES
NC_018284	Staphylococcus phage vB_SepiS-phiIPLA7, complete genome.	Staphylococcus epidermidis	2c05bdf6261126590b5be1ea294de221	YES
NC_018452	Burkholderia phage DC1, complete genome.	Burkholderia cepacia	0a8baef2b5530d2ff0985388614e7820	YES
NC_018454	Cronobacter phage phiES15, complete genome.	UV-induced Cronobacter	eef7f299c3452ad2d8acb81f5bdb0c03	YES
NC_001998	Chlamydia phage PhiCPG1, complete genome.	Chlamydia psittaci	c3f2ab7ae31ed9e67807a90362f634fe	YES
NC_001706	Lactococcus phage c2, complete genome.	Lactococcus lactis	84e96a71509fa31b322e2e0f15feb40a	YES
NC_001884	Bacillus phage SPBc2, complete genome.	Bacillus subtilis	ffa1595437729187c68647cec0c45809	YES
NC_001895	Enterobacteria phage P2, complete genome.	Escherichia coli	2ef1b97b4863b216cbdf652b74d25f56	YES
NC_001954	Enterobacteria phage If1, complete genome.	Escherichia coli	0ad17569f6871a0b8139af5dafa347b6	YES
NC_000924	Enterobacteria phage 933W, complete genome.	Escherichia coli	ccc0d44bc5d130b97f53a0b145d0dc16	YES
NC_000866	Enterobacteria phage T4, complete genome.	Escherichia coli	a5350cd76cf5e1558e64c3795f461955	YES
NC_000871	Streptococcus phage Sfi19, complete genome.	Streptococcus thermophilus	1036f8e70fedd09ea262c5869a947291	YES
NC_002166	Enterobacteria phage HK022, complete genome.	Escherichia coli	3d7bf722ff8a069bf968d33bb4232a4c	YES
NC_002185	Streptococcus phage 7201, complete genome.	Streptococcus thermophilus	01eac15454fda5ae011ce9eaf1995578	YES
NC_002214	Streptococcus phage Sfi11, complete genome.	Streptococcus thermophilus	3174c045b1affbc00218fc3300ef5560	YES
NC_001418	Pseudomonas phage Pf3, complete genome.	Pseudomonas aeruginosa	5236cee3249b5d51ff6e5264b5303a4b	YES
NC_001421	Enterobacteria phage PRD1, complete genome.	Escherichia coli	ee2bbaf98b038a64fbbdc707083da315	YES
NC_001741	Chlamydia phage Chp1, complete genome.	Chlamydia psittaci	b1be3ef75121c24196cfeb9b89d775ec	YES
NC_001447	Acholeplasma phage L2, complete genome.	Acholeplasma laidlawii	6e8c98a53eaede34165e2d4c3b6bf410	YES
NC_001697	Haemophilus phage HP1, complete genome.	Haemophilus influenzae	9b8ab725cd47231241f78c1c50ef9892	YES
NC_001901	Enterobacteria phage N15, complete genome.	Escherichia coli	025c5e8e43a84d7c6a5c5a7590b9e87c	YES
NC_001956	Vibrio phage fs2, complete genome.	Vibrio cholerae	71ab455db584054e90afd887f3700f6a	YES
NC_002362	Vibrio phage VfO3K6, complete genome.	Vibrio parahaemolyticus	8e86414b0621afe1ccf9ff82f64ea626	YES
NC_002363	Vibrio phage VfO4K68, complete genome.	Vibrio parahaemolyticus	f98373160f304838506f9c35bdd403bd	YES
NC_001835	Lactococcus phage sk1, complete genome.	Lactococcus lactis	e5b4c316a0c6f97034eb4cb173843198	YES
NC_000929	Enterobacteria phage Mu, complete genome.	Escherichia coli	3192db0d607daa3293a834270ab48669	YES
NC_002643	Bdellovibrio phage phiMH2K, complete genome.	Bdellovibrio bacteriovorus	54821031c76d688a30f6e023ecb145bf	YES
NC_002656	Mycobacterium phage Bxb1, complete genome.	Mycobacterium smegmatis	122eb576adfb69d37424b7b20a8c406e	YES
NC_002666	Lactococcus prophage bIL285, complete genome.	Lactococcus lactis	273a5616e25bfce9b6c2b8485c541cf6	YES
NC_002669	Lactococcus prophage bIL310, complete genome.	Lactococcus lactis	035ca03b05e49a8932210394ef6ae12a	YES
NC_002671	Lactococcus prophage bIL312, complete genome.	Lactococcus lactis	70a5685a09e3d34ad9a2f3bb3db0afa0	YES
NC_002730	Enterobacteria phage HK620, complete genome.	Escherichia coli	2e31993e095a75410f91e77be520a7ca	YES
NC_002747	Lactococcus phage TP901-1, complete genome.	Lactococcus lactis	660e4e90f53d503c34218863c0c21967	YES
NC_002703	Lactococcus phage Tuc2009, complete genome.	Lactococcus lactis	35218d0e40710cceecc85466b12231b7	YES
NC_000872	Streptococcus phage Sfi21, complete genome.	Streptococcus thermophilus	0d5fdacbe9eaab15409e220a0e08f27b	YES
NC_002486	Staphylococcus prophage phiPV83, complete genome.	Staphylococcus aureus	ba256f30a975951eadac24e2f42e8fe9	YES
NC_002515	Mycoplasma phage P1, complete genome.	Mycoplasma pulmonis	bdbd7688f288e0bdf1b914e73da4bb25	YES
NC_002661	Staphylococcus phage phiSLT, complete genome.	Staphylococcus aureus	4fb02f9069d290b36025aa2bb352dd8e	YES
NC_002670	Lactococcus prophage bIL311, complete genome.	Lactococcus lactis	52e7490760b305f4b702bdb996f79909	YES
NC_003288	Staphylococcus phage phiETA, complete genome.	Staphylococcus aureus	e4f80cd05d7fbdb5d44b9f757a8e82d8	YES
NC_003291	Bacteriophage PSA, complete genome.	Listeria monocytogenes	6387f42324e27df6873257e7dbdf334e	YES
NC_003313	Vibrio phage K139, complete genome.	Vibrio cholerae	32d9a0072703fe5b31dbf100e40243a5	YES
NC_003157	Temperate phage phiNIH1.1, complete genome.	Streptococcus pyogenes	4eb0a5e4f1af701363336b336f8c3249	YES
NC_003324	Sinorhizobium phage PBC5, complete genome.	Sinorhizobium meliloti	fb17ff7f4c543ca41f484298cf79dd5a	YES
NC_003387	Mycobacterium phage TM4, complete genome.	Mycobacterium avium	27ca3ff3b1f2a7fe29717db9b72497c0	YES
NC_003444	Enterobacteria phage SfV, complete genome.	Shigella flexneri	9cf085d4a50a0580c6211c8f95c0d497	YES
NC_003460	Propionibacterium phage B5, complete genome.	Propionibacterium freudenreichii	0cd71c948f3dd5f86a08673b13c991ba	YES
NC_003524	Clostridium phage phi3626, complete genome.	Clostridium perfringens	1aa4af1bbb0df8a9abb9b0726bb9ae9f	YES
NC_001900	Mycobacterium phage D29, complete genome.	Mycobacterium tuberculosis	f4ff627c77b809272f6105a8a835a04d	YES
NC_001416	Enterobacteria phage lambda, complete genome.	Escherichia coli	509bdb356475a21077713babc47a4a35	YES
NC_004165	Bacillus phage B103, complete genome.	Bacillus subtilis	a7a66ef28ab65b4134f421bf7689b198	YES
NC_004167	Bacillus phage phi105, complete genome.	Bacillus subtilis	3e88097eff83f557eb27465b9e62e681	YES
NC_004302	Lactococcus phage r1t, complete genome.	Lactococcus lactis	2574ad1919840bcd46002beef83d779c	YES
NC_004303	Streptococcus phage O1205, complete genome.	Streptococcus thermophilus	3eb1472efc15731fb6c14a02bacbc387	YES
NC_004306	Vibrio phage fs1, complete genome.	Vibrio cholerae	1d208185f72799eaa28f25906f087ecc	YES
NC_004313	Salmonella phage ST64B, complete genome.	Salmonella enterica	284561df08146ee16440d4afa674bf65	YES
NC_003315	Haemophilus phage HP2, complete genome.	Haemophilus influenzae	2d778b985879e31d8ee3fd24e2d5483b	YES
NC_004462	Thermus phage IN93, complete genome.	Thermus thermophilus	1276b133937738a98644e440fa43cd20	YES
NC_004615	Staphylococcus phage 11, complete genome.	Staphylococcus aureus	89d7a7300853f2c8fd3fa8fc123d3281	YES
NC_004616	Staphylococcus prophage phi 12, complete genome.	Staphylococcus aureus	94e2ef354d748a4bde5180c78285287c	YES
NC_004617	Staphylococcus prophage phi 13, complete genome.	Staphylococcus aureus	55c1b56beb0f58f867935712f0ad44fc	YES
NC_004629	Pseudomonas phage phiKZ, complete genome.	Pseudomonas aeruginosa	f43830487eb66ebe0c9656dfb6025caf	YES
NC_004665	Pseudomonas phage gh-1, complete genome.	Pseudomonas putida	1eac90f25aff256142f216043b79c928	YES
NC_004679	Staphylococcus phage phiP68, complete genome.	Staphylococcus aureus	4a4b3d392c146a5e3bf1d1974b893153	YES
NC_004736	Vibrio phage VGJphi, complete genome.	Vibrio cholerae	983f8676c69301c53fbe179157c2bf0c	YES
NC_004745	Yersinia phage L-413C, complete genome.	Yersinia pestis	6f37906644f823e97f11caed8b5bd4f1	YES
NC_004746	Lactococcus phage 4268, complete genome.	Lactococcus lactis	54a61763639da2b552f5c87139f2045f	YES
NC_004813	Enterobacteria phage BP-4795, complete genome.	Escherichia coli	cb726d5614b89fa360b5e5aa8fb48cb5	YES
NC_004831	Enterobacteria phage SP6, complete genome.	Salmonella typhimurium	159d560266fe149339475dd78c1f05fd	YES
NC_004902	Xanthomonas phage Xp10, complete genome.	Xanthomonas oryzae	fefe53642fd6a88bc2e15c6f78e5219b	YES
NC_004913	Stx1 converting phage, complete genome.	Escherichia coli	0775da4b7d052fa3d17d86723ec2ce8c	YES
NC_004996	Streptococcus phage SM1, complete genome.	Streptococcus mitis	ee8e30f498b2caa775978a6de8c17e68	YES
NC_005066	Enterobacteria phage RB49, complete genome.	Escherichia coli	5451ea4029bc0bf0891f35ea36d39c64	YES
NC_005091	Burkholderia phage BcepNazgul, complete genome.	Burkholderia cepacia	27549e72833dd01a13e5f4259697e823	YES
NC_005131	Ralstonia phage p12J, complete genome.	Ralstonia pickettii	235bf7f19b5dfed75dfcdf7fdce1f45a	YES
NC_004914	Stx2 converting phage II, complete genome.	Escherichia coli	aaead32bb8e84b6adbe9b21b86ddd7e7	YES
NC_005258	Bacillus phage Bam35c, complete genome.	Bacillus thuringiensis	ef050a733f90c7b452bdfa245837bef5	YES
NC_005260	Aeromonas phage Aeh1, complete genome.	Aeromonas hydrophila	1e60ac1492670fb8b04eb2c65f14435b	YES
NC_003907	Vibrio phage VpV262, complete genome.	Vibrio parahaemolyticus	01a0d1e65fc8ba60d87c9d202f73a687	YES
NC_001420	Enterobacteria phage G4, complete genome.	Escherichia coli	29cc1e33c6f818b6521e21235b0e6ca5	YES
NC_004466	Pseudomonas phage PaP3, complete genome.	Pseudomonas aeruginosa	56a11b4e300fc56c2d978fcfd8073ac0	YES
NC_001396	Xanthomonas phage Cf1c, complete genome.	Xanthomonas campestris	d9f0aefe3a28bb05f787d2cc9fcc82f8	YES
NC_003309	Burkholderia phage phiE125, complete genome.	Burkholderia thailandensis	7ac8ff815f93ef00be8f499d60c322d3	YES
NC_004066	Lactococcus phage ul36, complete genome.	Lactococcus lactis	6ef4cb196d537ca05bc1b2b284ca346e	YES
NC_004777	Yersinia pestis phage phiA1122, complete genome.	Yersinia pestis	f20e777efb1c96247d15ba6335a3416a	YES
NC_005262	Burkholderia phage Bcep22, complete genome.	Burkholderia cepacia	2ddf60335816574284616960982462a4	YES
NC_003298	Enterobacteria phage T3, complete genome.	Escherichia coli	be3f83de74ee2cf0704d189ba8e9effa	YES
NC_003327	Vibrio phage VSK, complete genome.	Vibrio cholerae	dd61d4be11fa077c81fb5f974e08cf4d	YES
NC_002668	Lactococcus prophage bIL309, complete genome.	Lactococcus lactis	f68fa4db178ea838f6da340355e91e02	YES
NC_005354	Lactobacillus prophage Lj928, complete genome.	Lactobacillus johnsonii	0f9d2050c3689c582131acec3591f2e1	YES
NC_005355	Lactobacillus prophage Lj965, complete genome.	Lactobacillus johnsonii	8ae40d4b4bd02ae30d4e4c982e5cc0cd	YES
NC_005356	Staphylococcus phage 77, complete genome.	Staphylococcus aureus	fa64b4dfa3943cbb0c0b43644109a7ee	YES
NC_005357	Bordetella phage BPP-1, complete genome.	Bordetella bronchiseptica	3a2eac86a9a01dc3e8d4fe277650f70b	YES
NC_005808	Bordetella phage BMP-1, complete genome.	Bordetella bronchiseptica	7cc3c398cce8ccc5aea7dfadfcf2397b	YES
NC_005809	Bordetella phage BIP-1, complete genome.	Bordetella bronchiseptica	2f166b2773081d8745a4158fff422449	YES
NC_005822	Lactococcus phage phiLC3, complete genome.	Lactococcus lactis	b0fd2fe4b31833794a5ce26c1619137d	YES
NC_005884	Pseudomonas phage PaP2, complete genome.	Pseudomonas aeruginosa	16f48cc00fc2b2c81f28898ff906e7de	YES
NC_005887	Burkholderia phage BcepC6B, complete genome.	Burkholderia cepacia	0140e4478702162a27711d6a37e007ee	YES
NC_005891	Vibrio phage VP5, complete genome.	Vibrio cholerae	ef951f2df5312500ff8946656cd4e697	YES
NC_005948	Vibrio phage Vf33, complete genome.	Vibrio parahaemolyticus	9a9bc38f01bc99cbbfe980f8fd4f26eb	YES
NC_005949	Vibrio phage Vf12, complete genome.	Vibrio parahaemolyticus	a1efe85f8e12bf746dc07b66d592b22e	YES
NC_003085	Myxococcus phage Mx8, complete genome.	Myxococcus xanthus	189860436e4ddcab5766d90ca174a64a	YES
NC_002321	Staphylococcus prophage PVL, complete genome.	Staphylococcus aureus	a6dfbad9fea5342f4985f4c69aa1162e	YES
NC_001942	Mycoplasma phage MAV1, complete genome.	Mycoplasma arthritidis	574b930e0c81660a96a471df2424fd9e	YES
NC_002667	Lactococcus prophage bIL286, complete genome.	Lactococcus lactis	2a2f0b36b39fc09c60290d6f37ad7b0f	YES
NC_005284	Burkholderia phage phi1026b, complete genome.	Burkholderia pseudomallei	ebe814b63c183e1167a2140a04896a78	YES
NC_005342	Burkholderia phage Bcep43, complete genome.	Burkholderia cepacia	66176252923752f14aab7c12208cb15d	YES
NC_001609	Enterobacteria phage P4, complete genome.	Escherichia coli	5d2b37d233869a1a950d50d7b8ecf920	YES
NC_003278	Pseudomonas phage phiCTX, complete genome.	Pseudomonas aeruginosa	a55c131e5280d9026f9d1c5625639346	YES
NC_005083	Vibrio phage KVP40, complete genome.	Vibrio parahaemolyticus	931a6210fd542ee83170aeeeda011b5c	YES
NC_004735	Rhodothermus phage RM378, complete genome.	Rhodothermus marinus	a9281843af6646912966f51c3773b97f	YES
NC_001604	Enterobacteria phage T7, complete genome.	Escherichia coli	ca9700b4d73774878fdc84a8d8097d76	YES
NC_008355	Chlamydia phage 3, complete genome.	Chlamydia pecorum	f9f9bf76fffce2a0c9a2674ba0b44d19	YES
NC_005879	Vibrio phage VP2, complete genome.	Vibrio cholerae	b18ea8553587e847fca49ed376addc0d	YES
NC_005893	Lactobacillus phage phiAT3, complete genome.	Lactobacillus casei	9f4e6b81daff1c0f7769ea34ec9849c2	YES
NC_002371	Enterobacteria phage P22 virus, complete genome.	Salmonella enterica	7c410674d9aa17f444f22bc3e7335890	YES
NC_005345	Streptomyces phage VWB, complete genome.	Streptomyces venezuelae	3b7d50256c5cb809a6a364686c0af164	YES
NC_005857	Klebsiella phage phiKO2, complete genome.	Klebsiella oxytoca	01bda0e7af3a61642147ba3111fcbdd2	YES
NC_005833	Enterobacteria phage T1, complete genome.	Escherichia coli	b7b5871c0541c81f6f666b57fd1ebb9d	YES
NC_005344	Enterobacteria phage Sf6, complete genome.	Shigella flexneri	251971b18d09efc1786eb749f0099d29	YES
NC_005841	Enterobacteria phage ST104, complete genome.	Salmonella typhimurium	ff2dd64494164020b1225f07cb35e68e	YES
NC_002484	Pseudomonas phage D3, complete genome.	Pseudomonas aeruginosa	b17065efb9fbd55ec06f522015bf81cb	YES
NC_004740	Staphylococcus prophage phiN315, complete genome.	Staphylococcus aureus	bbd78654cbaeceee43cd53766ffb73de	YES
NC_004585	Streptococcus prophage 315.2, complete genome.	Streptococcus pyogenes	884405b34a703641eb30d3ed8728fc5a	YES
NC_004586	Streptococcus pyogenes phage 315.3, complete genome.	Streptococcus pyogenes	76ec518160d84677be4b939c26383793	YES
NC_004587	Streptococcus prophage 315.4, complete genome.	Streptococcus pyogenes	d00b07e50efc03db5f22be9437ad468d	YES
NC_004588	Streptococcus prophage 315.5, complete genome.	Streptococcus pyogenes	89bcdd966d2a5af5a21e21dc8c3ab774	YES
NC_004589	Streptococcus prophage 315.6, complete genome.	Streptococcus pyogenes	79428d6f07cacc159e979f62ee94ab1a	YES
NC_004584	Streptococcus prophage 315.1, complete genome.	Streptococcus pyogenes	0d59d6d726ad90fa42ed93af2d21d110	YES
NC_006548	Pseudomonas phage B3, complete genome.	Pseudomonas aeruginosa	4680a5d90d6960b2c7386b139f748302	YES
NC_006565	Lactobacillus phage LP65, complete genome.	Lactobacillus plantarum	831f5b41bea32d628cb895c9e99f7593	YES
NC_003287	Enterobacteria phage M13, complete genome.	Escherichia coli	62019269bdf19ab97f25daebf11be1b7	YES
NC_006294	Vibrio phage KSF-1phi, complete genome.	Vibrio cholerae	4467d9217064b058383b203db5306835	YES
NC_001330	Enterobacteria phage alpha3, complete genome.	Escherichia coli	68c8b2fa6c1e004eb0250923d26d0269	YES
NC_001331	Pseudomonas phage Pf1, complete genome.	Pseudomonas aeruginosa	1affe97932f6b81fe1e9d972fdff54ed	YES
NC_001332	Enterobacteria phage I2-2, complete genome.	Escherichia coli	113aa8aa68a3d2f3c08a7827fb74928b	YES
NC_001341	Acholeplasma phage MV-L1, complete genome.	Acholeplasma laidlawii	5ca3d67d326e178e5e16b3be32056892	YES
NC_001825	Streptococcus phage Cp-1, complete genome.	Streptococcus pneumoniae	639c54499598c8765c6da938e30603d5	YES
NC_004166	Bacillus phage SPP1, complete genome.	Bacillus subtilis	50e4c2f2c893cc9ea8762f3fae0442be	YES
NC_000896	Lactobacillus prophage phiadh, complete genome.	Lactobacillus gasseri	540829376edd439349642e9b63557cce	YES
NC_003216	Listeria phage A118, complete genome.	Listeria monocytogenes	e7e2ec176293d07876ca9af18e78c6d1	YES
NC_001271	Yersinia phage phiYeO3-12, complete genome.	Yersinia enterocolitica	f7fd639335d6d426071a9de9658ac822	YES
NC_002167	Enterobacteria phage HK97, complete genome.	Escherichia coli	5a368687277f1e0e5077634c1a57c5f8	YES
NC_002194	Chlamydia phage Chp2, complete genome.	Chlamydia psittaci	9de366baf2fdad8872f9dd762010224a	YES
NC_003356	Enterobacteria phage phiP27, complete genome.	Escherichia coli	84e76011edccbba40df33d680347efc1	YES
NC_003050	Streptococcus prophage MM1, complete genome.	Streptococcus pneumoniae	98a9578dd2eab77b4380c85d0f48384c	YES
NC_004112	Lactobacillus phage A2, complete genome.	Lactobacillus casei	79a62e575612ccc48908ccab46d493bf	YES
NC_005294	Streptococcus prophage EJ-1, complete genome.	Streptococcus pneumoniae	ef6e1a72b1292a7ca45139f50887c3c1	YES
NC_002014	Enterobacteria phage Ike, complete genome.	Escherichia coli	a4abe26f9167ebca6d638fadf4be1bfa	YES
NC_001426	Enterobacteria phage GA, complete genome.	Escherichia coli	ddb82a1b833e47b59b53723900296a54	YES
NC_001417	Enterobacterio phage MS2, complete genome.	Escherichia coli	b7e4ef1e5fbd470b3910247143b7b9d4	YES
NC_002700	Acinetobacter phage AP205, complete genome.	Acinetobacter genomosp.	720dd30eb5cf52d805652736a5091e1f	YES
NC_003299	Pseudomonas phage phi8 segment L, complete sequence.	Pseudomonas syringae	120d1c34964df9cc071bcedc726fb563	YES
NC_003300	Pseudomonas phage phi-8 segment M, complete sequence.	Pseudomonas syringae	202d29af4abd8a63a8ea42f41b3535fe	YES
NC_003301	Pseudomonas phage phi8 segment S, complete sequence.	Pseudomonas syringae	559af583c8606204df4568b223c53ed2	YES
NC_003714	Pseudomonas phage phi-6 segment S, complete sequence.	Pseudomonas syringae	c81536b8f350a82946dae9e23fcf743a	YES
NC_003715	Pseudomonas phage phi-6 segment L, complete sequence.	Pseudomonas syringae	149a7533975500b884ef6e9e3c494035	YES
NC_003716	Pseudomonas phage phi-6 segment M, complete sequence.	Pseudomonas syringae	d4afdd109a8afa739de5933c1813589f	YES
NC_004170	Pseudomonas phage phi-13 segment S, complete sequence.	Pseudomonas syringae	533758348155f77e4d62b30c2f10048b	YES
NC_004171	Pseudomonas phage phi-13 segment M, complete sequence.	Pseudomonas syringae	e68dd6a188ea7e0e200390e5a40f4760	YES
NC_004172	Pseudomonas phage phi13 segment L, complete genome.	Pseudomonas syringae	c8ab700fdb6aabf6c01dddd8f6363d38	YES
NC_004173	Pseudomonas phage phi-12 segment L, complete sequence.	Pseudomonas syringae	ba44c7e68d367f36e670f92f142d0932	YES
NC_004174	Pseudomonas phage phi-12 segment S, complete sequence.	Pseudomonas syringae	3cc963aec4027cf8c081d62d5ef8bb57	YES
NC_004175	Pseudomonas phage phi-12 segment M, complete sequence.	Pseudomonas syringae	3a46cbe86b6e2c153ba360e2ffdc90b6	YES
NC_004820	Bacillus prophage phBC6A51, complete genome.	Bacillus cereus	0377c2d5ca696d770f17bfd4707ecd5d	YES
NC_004821	Bacillus prophage phBC6A52, complete genome.	Bacillus cereus	7bc6d4cd957ca144e9417782760a14b8	YES
NC_001628	Pseudomonas phage PP7, complete genome.	Pseudomonas aeruginosa	9c255d975617c95d9ba3bd1b9ebe7652	YES
NC_002072	Streptococcus phage DT1, complete genome.	Streptococcus thermophilus	4fa581e87340ba12c090bfc5e10e1ebd	YES
NC_006552	Pseudomonas phage F116, complete genome.	Pseudomonas aeruginosa	a70db138fcdebd65d90cdade15152b20	YES
NC_004928	Enterobacteria phage RB69, complete genome.	Escherichia coli	bcde8303cf85cc8839336e1b8eb66065	YES
NC_005859	Enterobacteria phage T5, complete genome.	Escherichia coli	3680f4c8ba9e8011fb58da115f7f704f	YES
NC_006936	Lactobacillus phage phiJL-1, complete genome.	Lactobacillus plantarum	0bb0b34b18356eb2d618b241890d1da8	YES
NC_006945	Bacillus phage GIL16c, complete genome.	Bacillus thuringiensis	9b847f883bc43d709b6f13286941cbd7	YES
NC_006949	Enterobacteria phage ES18, complete genome.	Salmonella typhimurium	a54ff7f6ba1cb086b1e88c89566f9550	YES
NC_005045	Pseudomonas phage phiKMV, complete genome.	Pseudomonas aeruginosa	d86e1ba4c9033181fa27165bd2749ce0	YES
NC_005069	Yersinia phage PY54, complete genome.	Yersinia enterocolitica	3778c80681224adefd02acebd6fb025f	YES
NC_004827	Bacteriophage Aaphi23, complete genome.	Actinobacillus actinomycetemcomitans	7387468ce8ef3d2c42648fe2ae4b49e6	YES
NC_002796	Lactococcus phage BK5-T, complete genome.	Lactococcus lactis	2f17e39c2a56f41103c0453e075dad4c	YES
NC_007021	Staphylococcus phage Twort, complete genome.	Staphylococcus aureus	985549f557ef7f6d9f05b40146aaa061	YES
NC_007019	Streptococcus phage 2972, complete genome.	Streptococcus thermophilus	e4400a9be58d7e59e14cd5c62df21876	YES
NC_007024	Xanthomonas phage Xp15, complete genome.	Xanthomonas campestris	e562aefe152a381731011b64ea773dbc	YES
NC_007050	Staphylococcus phage 85, complete genome.	Staphylococcus aureus	19ece1b8258b2f9f4e52915354c35af1	YES
NC_007066	Staphylococcus phage G1, complete genome.	Staphylococcus aureus	e6abe86ebcb02a856f003e536accb7e3	YES
NC_007045	Staphylococcus phage PT1028, complete genome.	Staphylococcus aureus	65113a885c9d54fe2521cc27076c1b9d	YES
NC_007046	Staphylococcus phage 66, complete genome.	Staphylococcus aureus	1720c8fb16780c54739e2cc54a93928a	YES
NC_007048	Staphylococcus phage 69, complete genome.	Staphylococcus aureus	a23f1bb58ec10e0c802e9bc6e40e572c	YES
NC_007049	Staphylococcus phage 53, complete genome.	Staphylococcus aureus	547c09312b1fc3a3de6f2bba1bc5fe80	YES
NC_007051	Staphylococcus phage 2638A, complete genome.	Staphylococcus aureus	7195e5be405dea2f5b6667944c6a0cb6	YES
NC_007052	Staphylococcus phage 42e, complete genome.	Staphylococcus aureus	dc4b2536b6e58a1f171a165da66b7447	YES
NC_007053	Staphylococcus phage 3A, complete genome.	Staphylococcus aureus	c6e07045e7551d8e3933dbc24b6abbff	YES
NC_007054	Staphylococcus phage 47, complete genome.	Staphylococcus aureus	03a48c1ec02fd16811e613dca41b2154	YES
NC_007055	Staphylococcus phage 37, complete genome.	Staphylococcus aureus	1196289a2975d2d4cef0c96a760572e0	YES
NC_007056	Staphylococcus phage EW, complete genome.	Staphylococcus aureus	97b48f859ad08fdd6260c2215fe6e773	YES
NC_007057	Staphylococcus phage 96, complete genome.	Staphylococcus aureus	948ecdea4692e145cbc63a2a55e41ff0	YES
NC_007058	Staphylococcus phage ROSA, complete genome.	Staphylococcus aureus	a7a923f5678b78fb632adb2f2c469db7	YES
NC_007059	Staphylococcus phage 71, complete genome.	Staphylococcus aureus	e9b662c60d447424e46d7cbbbae6ff8a	YES
NC_007060	Staphylococcus phage 55, complete genome.	Staphylococcus aureus	666e997de0a6d34efb6439297a951d38	YES
NC_007061	Staphylococcus phage 29, complete genome.	Staphylococcus aureus	d0b7180cebe59a389985ac849cb17469	YES
NC_007062	Staphylococcus phage 52A, complete genome.	Staphylococcus aureus	0ce90e3dc817852bea53236a6af0966c	YES
NC_007063	Staphylococcus phage 88, complete genome.	Staphylococcus aureus	66aa21c60d9832c867eb4ffe93b8e642	YES
NC_007064	Staphylococcus phage 92, complete genome.	Staphylococcus aureus	6fde9e7322ceb635a89a4cbf0bc151e2	YES
NC_007065	Staphylococcus phage X2, complete genome.	Staphylococcus aureus	22cc42b52a94b5af6635732ccd5ae97b	YES
NC_007145	Burkholderia prophage phi52237, complete genome.	Burkholderia pseudomallei	1282a84f36e74e0c46cdc27fe25217b6	YES
NC_004301	Enterobacteria phage FI, complete genome.	Escherichia coli	9147b823b82eda16000ad1c963f7d286	YES
NC_001890	Enterobacteria phage Qbeta, complete genome.	Escherichia coli	c001e1fcdc612dd543de1e0da3c8ed7c	YES
NC_007189	Stenotrophomonas phage phiSMA9, complete genome.	Stenotrophomonas maltophilia	41e05f6b5be6b4ac3b74eac34bbff3ed	YES
NC_007291	Enterobacteria phage JK06, complete genome.	Escherichia coli	e688469b1218e7eed64a0cd4019fecb2	YES
NC_007461	Chlamydia phage 4, complete genome.	Chlamydophila abortus	088711b6de135201e44c20704447824b	YES
NC_007458	Bacillus phage Gamma, complete genome.	Bacillus cereus	c9bbe2afba3ce1fb433b1da555007467	YES
NC_007457	Bacillus phage Cherry, complete genome.	Bacillus anthracis	605d3c6a6d177d3e4590ab97433207a0	YES
NC_007456	Enterobacteria phage K1F, complete genome.	Escherichia coli	b6df9c00fd4252330f47dd4c1aa71370	YES
NC_007501	Lactobacillus phage Lc-Nu, complete genome.	Lactobacillus rhamnosus	3b18af1c770a0c7faec23e594341c8ee	YES
NC_007581	Clostridium phage c-st, complete genome.	Clostridium botulinum	3eda1783eff108ee83410578289a3c23	YES
NC_007603	Enterobacteria phage RTP, complete genome.	Escherichia coli	22b8c9da9b5ad378be800eb8709a3b8b	YES
NC_007623	Pseudomonas phage EL, complete genome.	Pseudomonas aeruginosa	aede1f44592a680a3fdd3d994891f758	YES
NC_007637	Enterobacteria phage K1E, complete genome.	Escherichia coli	7f9cec64acc4aa5ab260cc2de3667247	YES
NC_007709	Xanthomonas phage OP1, complete genome.	Xanthomonas oryzae	8cfc12fb2fcbb01b3cbc557572e9cd82	YES
NC_007710	Xanthomonas phage OP2, complete genome.	Xanthomonas oryzae	10b4551daef113d830f200b1564adfe8	YES
NC_007734	Bacillus phage WBeta, complete genome.	Bacillus anthracis	7a34540bc24f70e41df7ab14e7271ac0	YES
NC_007804	Escherichia phage phiV10, complete genome.	Escherichia coli	7ea09ff6654ccaa0414ed597c2a681f3	YES
NC_007814	Bacillus phage Fah, complete genome.	Bacillus anthracis	94debc98569ae4a2aac74bb1b6e70209	YES
NC_007805	Pseudomonas phage F10, complete genome.	Pseudomonas aeruginosa	c8686f5fa4c6691db1ec92e07082d1b8	YES
NC_007806	Pseudomonas phage 73, complete genome.	Pseudomonas aeruginosa	795e0e079d1c51ae369afdf4ae3938af	YES
NC_007807	Pseudomonas phage 119X, complete genome.	Pseudomonas aeruginosa	c37cee79b6a661236d5a23b4bbf586c0	YES
NC_007808	Pseudomonas phage PA11, complete genome.	Pseudomonas aeruginosa	f795703ce83d549e3acb0a7f293d88f4	YES
NC_007809	Pseudomonas phage M6, complete genome.	Pseudomonas aeruginosa	5f502c24c6d26bd0209b2ebc6b65683a	YES
NC_007810	Pseudomonas phage F8, complete genome.	Pseudomonas aeruginosa	2aaee631bb9da9bb86557cb68c921382	YES
NC_007902	Sodalis phage phiSG1, complete genome.	Sodalis glossinidius	f575587227740af321f47ad931212182	YES
NC_007817	Enterobacteria phage ID2 Moscow/ID/2001, complete genome.	Escherichia coli	7812c29b72099357fe1a93cf09480e96	YES
NC_007821	Enterobacteria phage WA13, complete genome.	Escherichia coli	b7ff7db28a0cfb08dd82ac78dc8fb2c8	YES
NC_007856	Enterobacteria phage ID18, complete genome.	Escherichia coli	05d923d58a58db940738b9c27c84c107	YES
NC_007917	Clostridium phage phi CD119, complete genome.	Clostridium difficile	d5b1d0030b008488a6fa6d02afe3c56f	YES
NC_017865	Pseudomonas phage vB_Pae-TbilisiM32, complete genome.	Pseudomonas aeruginosa	2182055f45fba07ef1f3f54c164fa191	YES
NC_017864	Pseudomonas phage vB_Pae-Kakheti25, complete genome.	Pseudomonas aeruginosa	98fb28a7a2233a7fec5dcdbb49420ebb	YES
NC_017969	Escherichia phage bV_EcoS_AKFV33, complete genome.	Escherichia coli	8668b9ce9835e86555ac46e36729442c	YES
NC_017968	Staphylococcus phage TEM123, complete genome.	Staphylococcus aureus	6d74332449730401573b288601d3a79e	YES
NC_017984	Acinetobacter bacteriophage AP22, complete genome.	Acinetobacter baumannii	c06a735f9ece122c1a5d3810c0488856	YES
NC_017978	Clostridium phage PhiS63, complete genome.	Clostridium perfringens	ff3ae475e00bbf19b1f2ef30424abbb4	YES
NC_017974	Cronobacter phage CR3, complete genome.	Cronobacter sakazakii	389c9b73ab746e05483ed521f00d5412	YES
NC_017976	Bacillus phage PBC1, complete genome.	Bacillus cereus	ff33013d7496cd7df168b8e6dfba7f26	YES
NC_017980	Clostridium phage phiCP7R, complete genome.	Clostridium perfringens	6a57792d582c613d00c3dfafb3126de3	YES
NC_018083	Clostridium phage phiCPV4, complete genome.	Clostridium perfringens	9ed1ba70d5d1d173b6443be3eb613470	YES
NC_018084	Clostridium phage phiZP2, complete genome.	Clostridium perfringens	14a2bbbec2a5b0b221be0a754e9c929e	YES
NC_018085	Bacillus phage BtCS33, complete genome.	Bacillus thuringiensis	46b01049998ab329beed9047c39c8ad4	YES
NC_008201	Mannheimia phage phiMHaA1, complete genome.	Mannheimia haemolytica	505993a09e9a9ab4f8ebecf9eaf85d26	YES
NC_008208	Aeromonas phage 25, complete genome.	Aeromonas salmonicida	5a980e545f29d8213ac04f4e12fb2724	YES
NC_008193	Pasteurella phage F108, complete genome.	Pasteurella multocida	4763ab5774fbcef01589f230d7185b2f	YES
NC_008364	Lactococcus phage Q54, complete genome.	Lactococcus lactis	339e258902108f8b564276a4db79b930	YES
NC_008370	Lactococcus phage 712, complete genome.	Lactococcus lactis	a5d3718762ab46ae750237df9f22c664	YES
NC_008371	Lactococcus phage jj50, complete genome.	Lactococcus lactis	6f980e02228ba73500f46941998c237e	YES
NC_008464	Stx2-converting phage 86, complete genome.	Escherichia coli	f787f56f1241d2f9f6c95135aaa43292	YES
NC_008562	Microcystis phage Ma-LMM01, complete genome.	Microcystis aeruginosa	3fca6668802efc0aa7ec7c6bb720badb	YES
NC_008575	Ralstonia phage RSS1, complete genome.	Ralstonia solanacearum	c0e29d78dba3958d5158236bc26675e1	YES
NC_008583	Staphylococcus phage phiNM1, complete genome.	Staphylococcus aureus	01476985e593b5692a85c5ceb535c9a8	YES
NC_008689	Staphylococcus phage phiPVL108, complete genome.	Staphylococcus aureus	fd870316d83c9918956dc1f1da3a766b	YES
NC_008694	Yersinia phage Berlin, complete genome.	Yersinia pestis	0150b8e4a3d957e2a2fb9bec7e2f33b6	YES
NC_008720	Enterobacteria phage N4, complete genome.	Escherichia coli	7bf97ef2bbe251a7a73f731718a0d221	YES
NC_008722	Staphylococcus phage CNPH82, complete genome.	Staphylococcus epidermidis	02a8298a0568798c89328ddbfc3b7c12	YES
NC_008723	Staphylococcus phage PH15, complete genome.	Staphylococcus epidermidis	ef6e42acd0e5dbf4a1d061516740dc43	YES
NC_008721	Streptococcus phage SMP, complete genome.	Streptococcus suis	9ce15df23da60509a22c554a6042a931	YES
NC_008798	Staphylococcus phage phiETA2, complete genome.	Staphylococcus aureus	ed9dbbcee7651f390942aa2b217c1235	YES
NC_008799	Staphylococcus phage phiETA3, complete genome.	Staphylococcus aureus	0b46a71ef2d1edbcf1af0e3d4604440c	YES
NC_009014	Erwinia amylovora phage Era103, complete genome.	Erwinia amylovora	d3e98b8a527634346ea35239cfcdfa16	YES
NC_009016	Vibrio phage VP882, complete genome.	Vibrio parahaemolyticus	f976ecfa0a5c791bf517b99605298fae	YES
NC_009015	Burkholderia ambifaria phage BcepF1, complete genome.	Burkholderia ambifaria	e517c518266f239d206ba40212eca831	YES
NC_009018	Streptococcus phage phi3396, complete genome.	Streptococcus dysgalactiae	990e27b057e60108fe548422ebd83b58	YES
NC_009231	Clostridium phage phiC2, complete genome.	Clostridium difficile	677b5fed9dd8d449dccb5111b3660e36	YES
NC_009236	Burkholderia phage phiE12-2 chromosome, complete genome.	Burkholderia pseudomallei	0f5b30e857c6fe39db61b06216a5ab1e	YES
NC_009234	Burkholderia phage phiE202 chromosome, complete genome.	Burkholderia thailandensis	527d2697d9a656fcffb1dcf3687b6894	YES
NC_009237	Burkholderia phage phiE255 chromosome, complete genome.	Burkholderia thailandensis	9f98dbf4a03bcc241cdf15e0e813a0fc	YES
NC_009382	Ralstonia phage phiRSA1, complete genome.	Ralstonia solanacearum	12e21e85b54931f8a3a1c0b2ae02e460	YES
NC_009447	Burkholderia phage BcepGomr, complete genome.	Burkholderia cepacia	563362a31e520d5083618fe66ad89e9c	YES
NC_009514	Phage cdtI, complete genome.	Escherichia coli	6dadc74233f4d3b41d17713ec54f39f1	YES
NC_009541	Propionibacterium phage PA6, complete genome.	Propionibacterium acnes	34ec845d77b73baaeba03795bc5ebc1d	YES
NC_009543	Xanthomonas phage Xop411, complete genome.	Xanthomonas oryzae	b23cfef4a5959ffeacff75704d5837ef	YES
NC_009540	Enterobacteria phage TLS, complete genome.	Escherichia coli	c17b818a6af5dc5541264f0720abb454	YES
NC_009554	Lactobacillus phage LL-H, complete genome.	Lactobacillus delbrueckii	5ae992a650325a41fad63ead52b14c93	YES
NC_009604	Burkholderia phage BcepNY3, complete genome.	Burkholderia cenocepacia	4429ba93847cc0fef3087a0d24f8ad7c	YES
NC_009760	Bacillus phage 0305phi8-36, complete genome.	Bacillus thuringiensis	d113f21fd7bed679817bacf69457c0ff	YES
NC_009761	Staphylococcus prophage tp310-1, complete genome.	Staphylococcus aureus	518fca2685d7417ed5c3e2abe63a6745	YES
NC_009762	Staphylococcus prophage tp310-2, complete genome.	Staphylococcus aureus	66a2ec4048f15abfa6d8e3da6567adf5	YES
NC_009763	Staphylococcus prophage tp310-3, complete genome.	Staphylococcus aureus	3784038638aa09d9de8c489a48cecf71	YES
NC_009803	Thermus phage P23-45, complete genome.	Thermus thermophilus	170fd868d38a22c54342a587b3fc324e	YES
NC_009804	Thermus phage P74-26, complete genome.	Thermus thermophilus	15c70495f650fe3cd21353a5cee78ce6	YES
NC_009816	Corynebacterium phage P1201, complete genome.	Corynebacterium glutamicum	bf6da901c78c56b6d09928b700b46473	YES
NC_009817	Lactococcus phage KSY1, complete genome.	Lactococcus lactis	5739312f13fc49026a2aa941caca2a1b	YES
NC_009819	Streptococcus phage P9, complete genome.	Streptococcus equi	b72e6edb8740a38e25f3d3ae7a5ee587	YES
NC_009820	Mycobacterium phage Tweety, complete genome.	Mycobacterium smegmatis	062219aee4a2e3513d9aa9b615b98454	YES
NC_009821	Enterobacteria phage Phi1, complete genome.	Escherichia coli	792bba540abccefafea914f93e049aea	YES
NC_009810	Listeria phage A500, complete genome.	Listeria monocytogenes	d0daa416a2cd4b16a5485e469d20ac44	YES
NC_009812	Listeria phage B025, complete genome.	Listeria monocytogenes	1bd2b77b7cdc8ee8b26b81ffa4a4daa9	YES
NC_009813	Listeria phage B054, complete genome.	Listeria monocytogenes	8fcf01f05be62a1a175c7e44ad19dccc	YES
NC_009814	Listeria phage P35, complete genome.	Listeria monocytogenes	648772dd6eeee52403b28f3da144946e	YES
NC_009815	Listeria phage A006, complete genome.	Listeria monocytogenes	8a9c86c5fea9253f92651563d0f4c5eb	YES
NC_009875	Staphylococcus phage SAP-2, complete genome.	Staphylococcus aureus	8e42f2df4c4b7727f684a0195756c446	YES
NC_009904	Enterococcus phage phiEF24C, complete genome.	Enterococcus faecalis	15e9b8f6c0edf0f42e460d88959999d6	YES
NC_009935	Pseudomonas phage LKD16, complete genome.	Pseudomonas aeruginosa	8587b3616de49f315cc034ed1a1e42fd	YES
NC_009936	Enterobacteria phage LKA1, complete genome.	Pseudomonas aeruginosa	5bc3818dfcd3a0483d8a22bd9b134a8c	YES
NC_010106	Enterobacteria phage phiEcoM-GJ1, complete genome.	Escherichia coli	97b22478cdd155ecc40aca2af96943b7	YES
NC_010105	Enterobacteria phage JS98, complete genome.	Escherichia coli	f83924722c68f1338c09020d66a865e3	YES
NC_010116	Pseudomonas phage YuA, complete genome.	Pseudomonas aeruginosa	078b662c9ee27f1a375a307f9c1531a2	YES
NC_010147	Staphylococcus phage phiMR11, complete genome.	Staphylococcus aureus	3d2880077f74eb613d63eccc2a66bfab	YES
NC_010179	Lactobacillus johnsonii prophage Lj771, complete genome.	Lactobacillus johnsonii	08e5cbd069148bf67620e8a71ac7b9c2	YES
NC_010275	Vibrio phage kappa, complete genome.	Vibrio cholerae	348d68aa8e26009ebebd0ea24b7b77ce	YES
NC_010324	Enterobacteria phage phiEco32, complete genome.	Escherichia coli	4249aa8092c9beaa36c9187f78dad015	YES
NC_010325	Pseudomonas phage LUZ24, complete genome.	Pseudomonas aeruginosa	5c59d9fa7f2dee07178ba5d4a7129ec6	YES
NC_010326	Pseudomonas phage LUZ19, complete genome.	Pseudomonas aeruginosa	1b92471f8ca681012e9d428bd420a11a	YES
NC_010353	Streptococcus phage 858, complete genome.	Streptococcus thermophilus	0aa7e375fb085f809c08a0d97906c375	YES
NC_010355	Azospirillum phage Cd, complete genome.	Azospirillum brasilense	9eff6059bdd435512ff1dd87a9964de5	YES
NC_010363	Lactococcus phage asccphi28, complete genome.	Lactococcus lactis	ea2f251767e5f3f865042929fe6a6d16	YES
NC_010495	Salmonella phage E1, complete genome.	Salmonella enterica	9d4792180891eb84e7a86f5bff25077c	YES
NC_010237	Enterobacteria phage Min27, complete genome.	Escherichia coli	44544194fb4c0ead4ccfba7b4829b887	YES
NC_010391	Salmonella phage Fels-1, complete genome.	Salmonella typhimurium	481ed48b9f7ccfafb59319dc8787cadf	YES
NC_010576	Lactococcus phage 1706, complete genome.	Lactococcus lactis	1ad34f19e389ef80f1b70e6e03aad7d9	YES
NC_010583	Enterobacteria phage EPS7, complete genome.	Escherichia coli	520762c272bdb67bb52ec93d98d97746	YES
NC_010762	Mycobacterium phage BPs, complete genome.	Mycobacterium smegmatis	6c8f7376e9970e78df2c86c847e4ecbc	YES
NC_010763	Mycobacterium phage Adjutor, complete genome.	Mycobacterium smegmatis	99963a0a3e3e26643efa1d05c9382491	YES
NC_010808	Staphylococcus phage phiMR25, complete genome.	Staphylococcus aureus	675e878f07de6cdd0e33866fdb770768	YES
NC_010807	Salmonella phage phiSG-JL2, complete genome.	Salmonella enterica	4d83091229ae326857bd510f8fb5f489	YES
NC_010945	Streptococcus phage PH15, complete genome.	Streptococcus gordonii	f5c3e03272f55dc6820641b90384f527	YES
NC_011046	Lactococcus phage bIBB29, complete genome.	Lactococcus lactis	e5ff5459de4024d9356680bade7487cb	YES
NC_011040	Enterobacteria phage BA14, complete genome.	Escherichia coli	b1d45f727ea31a7e39af89ea9c82c65a	YES
NC_011042	Enterobacteria phage EcoDS1, complete genome.	Escherichia coli	78c88fe09f59c4fa12d20471a284e1a0	YES
NC_011045	Enterobacteria phage 13a, complete genome.	Escherichia coli	97f210b800495c72aa4f8f70885e132f	YES
NC_011044	Mycobacterium phage Nigel, complete genome.	Mycobacterium smegmatis	17a538a17fd4d2b5c92a55303faa7af6	YES
NC_011039	Mycobacterium phage Predator, complete genome.	Mycobacterium smegmatis	b496c333638777724b851d3c3e27f2f6	YES
NC_011048	Bacillus phage phi29, complete genome.	Bacillus subtilis	6d01d86a07744ee5c9f32c0614c102e3	YES
NC_011085	Morganella phage MmP1, complete genome.	Morganella morganii	897841b9d0270263b72a88b4c6498f1f	YES
NC_011105	Pseudomonas phage PT5, complete genome.	Pseudomonas aeruginosa	f1e3d407c1788af8b1bb47bec91d7330	YES
NC_011107	Pseudomonas phage PT2, complete genome.	Pseudomonas aeruginosa	345a5629994adebeb56cfcb255f5bcb4	YES
NC_011104	Lactobacillus phage Lrm1, complete genome.	Lactobacillus rhamnosus	fb15ff390438026efed6e194bc61cfd4	YES
NC_011165	Pseudomonas phage LBL3, complete genome.	Pseudomonas aeruginosa	d4c89e617eecaab38bf780a96dd9c270	YES
NC_011166	Pseudomonas phage LMA2, complete genome.	Pseudomonas aeruginosa	d58afb650004339fde38c65730f24c5e	YES
NC_011167	Bacillus phage IEBH, complete genome.	Bacillus thuringiensis	0ddd051170f2e01456df91cc78c8eb04	YES
NC_011201	Ralstonia phage RSB1, complete genome.	Ralstonia solanacearum	e1cf202bd0e71b10a46b83efb6da9d0a	YES
NC_011222	Bacteroides phage B40-8, complete genome.	Bacteroides fragilis	e9d1ae5f09bf23feace3a488fcbb2b6a	YES
NC_011318	Clostridium phage 39-O, complete genome.	Clostridium perfringens	2e26e6a821109f6803ca375eec4fc30d	YES
NC_011344	Staphylococcus phage phi2958PVL, complete genome.	Staphylococcus aureus	dad15b816cb480ac07c25c1ed1f1a680	YES
NC_011357	Stx2-converting phage 1717, complete prophage genome.	Escherichia coli	f46bca770a1a669a365261cbe3223bf4	YES
NC_011356	Enterobacteria phage YYZ-2008, complete prophage genome.	Escherichia coli	f0a8897d8c063bb405a69f78f22510e5	YES
NC_011373	Pseudomonas phage PAJU2, complete genome.	Pseudomonas aeruginosa	45925e72925d70e1f0896d1ad8b3053e	YES
NC_010392	Phage Gifsy-1, complete genome.	Salmonella typhimurium	4e433a984289eaf231fbe72ff5c2204f	YES
NC_010393	Phage Gifsy-2, complete genome.	Salmonella typhimurium	fac8cd93b0d98e4e449835cdeb37f60b	YES
NC_010463	Enterobacteria phage Fels-2, complete genome.	Salmonella typhimurium	728c6d7e035eea1667e578759c34721c	YES
NC_011398	Clostridium phage phiCD27, complete genome.	Clostridium difficile	5e12bedff9c7c0965fc4d2e9ca0a9911	YES
NC_011399	Ralstonia phage RSM3, complete genome.	Ralstonia solanacearum	e751669c07c0246ae024bba8d26fce25	YES
NC_011523	Bacillus phage AP50, complete genome.	Bacillus anthracis	89c7d9bcb2722321e389ac64ee1083d4	YES
NC_011589	Stenotrophomonas phage S1, complete genome.	Stenotrophomonas maltophilia	62dee79ede000d93d79c4bd14e7f0662	YES
NC_011611	Pseudomonas phage MP38, complete genome.	Pseudomonas aeruginosa	e5d83053256d531039b06f42a3530ef3	YES
NC_011612	Staphylococcus phage phiSauS-IPLA35, complete genome.	Staphylococcus aureus	e9f7951bad9327a85ccc3ee7688106fa	YES
NC_011613	Pseudomonas phage MP29, complete genome.	Pseudomonas aeruginosa	c0e4b46e5538c6227e9e6e9526401bec	YES
NC_011614	Staphylococcus phage phiSauS-IPLA88, complete genome.	Staphylococcus aureus	0eaf4401cd141ec94e7507af92ccb309	YES
NC_011756	Pseudomonas phage SN, complete genome.	Pseudomonas aeruginosa	586287381689b1c9d3713dcc2cbb0f3b	YES
NC_011802	Salmonella enterica bacteriophage SE1, complete genome.	Salmonella enterica	92a4593d7b1e7eb2d7f835523bc788ff	YES
NC_011810	Pseudomonas phage PB1, complete genome.	Pseudomonas aeruginosa	90d5ab9de876d97ad689f24c70b299b0	YES
NC_011811	Erwinia phage phiEa21-4, complete genome.	Erwinia amylovora	8b5b020a4f463ca3eab96b5c8db2df33	YES
NC_011976	Salmonella phage epsilon34, complete genome.	Salmonella enterica	259af6163783a84b21132e84f016b872	YES
NC_012027	Mycobacterium phage Phlyer, complete genome.	Mycobacterium smegmatis	02c64e03f48c80c311cf6ab2cc443039	YES
NC_012092	Pseudomonas phage phi2954 segment M, complete genome.	Pseudomonas syringae	aec182e757e943886e984c3b3794f4db	YES
NC_012093	Pseudomonas phage phi2954 segment S, complete genome.	Pseudomonas syringae	6dd0f244feeb571e425e243c0a6446a1	YES
NC_012091	Pseudomonas phage phi2954 segment L, complete genome.	Pseudomonas syringae	fabe01d584828cf9022c983286b74d8d	YES
NC_012418	Pseudomonas phage phikF77, complete genome.	Pseudomonas aeruginosa	4e53d88ab4c2a93b34081693d40d3c53	YES
NC_012419	Enterococcus phage EFAP-1, complete genome.	Enterococcus faecalis	457e54a4987a60e226a72e525edb1737	YES
NC_012662	Vibrio phage VP93, complete genome.	Vibrio parahaemolyticus	31af6b5b9df818f99262ccc76540113c	YES
NC_012663	Lactococcus phage P087, complete genome.	Lactococcus lactis	d268bd1872e89c6c82d4f8b98891f0df	YES
NC_012697	Roseophage DSS3P2, complete genome.	Ruegeria pomeroyi	80192f5bdf1c1fefb9292314d1086504	YES
NC_012740	Enterobacteria phage JSE, complete genome.	Escherichia coli	053da2f1ab0f1d3a8803699fc672c6a5	YES
NC_012741	Enterobacteria phage JS10, complete genome.	Escherichia coli	a98ff357be81ebaffffed5b1ca68cccc	YES
NC_012742	Xanthomonas phage phiL7, complete genome.	Xanthomonas campestris	f291250c3c1414b90bbf667f2b012336	YES
NC_012749	Enterobacteria phage WV8, complete genome.	Escherichia coli	56293798f4077c42468dc5a2d10f7e2b	YES
NC_012743	Burkholderia phage BcepIL02, complete genome.	Burkholderia cenocepacia	23a3f34fef04e028d20f9f5dd75a156d	YES
NC_012756	Streptococcus phage PH10, complete genome.	Streptococcus oralis	dd3ef1c35eb36d87927cc5cc0bb8c1f1	YES
NC_012757	Vibrio phage VEJphi, complete genome.	Vibrio cholerae	83051ed3a2b0482b51aa456b00210945	YES
NC_012784	Staphylococcus phage phiPVL-CN125, complete genome.	Staphylococcus aureus	8544c88273a4765a6cfcabce97d27cd2	YES
NC_012868	Enterobacteria phage St-1, complete genome.	Escherichia coli	282da9761e77216a9aec64432c45635a	YES
NC_013021	Cyanophage PSS2, complete genome.	Prochlorococcus marinus	2fb033b4e768b817d25d0d8fafd97f71	YES
NC_013059	Salmonella phage c341, complete genome.	Salmonella enterica	b6ee198dcd4acb6ae70cbb1e300fe64e	YES
NC_013195	Staphylococcus phage P954, complete genome.	Staphylococcus aureus	97dc405f358e5ee185024cc2454c18b8	YES
NC_013197	Thermus phage P23-77, complete genome.	Thermus thermophilus	321feeff0a2e591b12e9c086725bf551	YES
NC_013594	Escherichia phage D108, complete genome.	Escherichia coli	12fb48c427892e19489d6df9a96b2fe5	YES
NC_013598	Streptococcus phage ALQ13.2, complete genome.	Streptococcus thermophilus	1f9a69037bc80066b034dc192d03b348	YES
NC_013599	Xylella phage Xfas53, complete genome.	Xylella fastidiosa	620c9c3d2dbbcda2b5e18c2c85be4272	YES
NC_013600	Sodalis phage SO-1, complete genome.	Sodalis glossinidius	bc881f17ca2f1c33616e7423acfe54b3	YES
NC_013638	Pseudomonas phage phi-2, complete genome.	Pseudomonas fluorescens	dbb21d5af28e45b2553b470b7709c81b	YES
NC_013647	Klebsiella phage KP32, complete genome.	Klebsiella pneumoniae	db3de341f991f7cf88e352b8a5f8013d	YES
NC_013649	Klebsiella phage KP34, complete genome.	Klebsiella pneumoniae	b1f8d88ff173e26dd8f6fe9ea3e4aabf	YES
NC_013648	Enterococcus phage phiFL3A, complete genome.	Enterococcus faecalis	4d145282fd8c9562e226914177caba12	YES
NC_013646	Enterococcus phage phiFL1A, complete genome.	Enterococcus faecalis	8e03a4b2594cce2a3382d7e1a4d6d0d9	YES
NC_013645	Streptococcus phage Abc2, complete genome.	Streptococcus thermophilus	cfd8cafa13ceb18b9349e0a41061f78c	YES
NC_013644	Enterococcus phage phiFL4A, complete genome.	Enterococcus faecalis	5b4cac0a7b4d9f4bb9063ecd16c2da4e	YES
NC_013643	Enterococcus phage phiFL2A, complete genome.	Enterococcus faecalis	3694c32a086931ec46a6ad0bbfcd7b61	YES
NC_013693	Shigella phage phiSboM-AG3, complete genome.	Shigella boydii	8adb88e88eeda88d79abcbe380123257	YES
NC_013696	Enterococcus phage phiEf11, complete genome.	Enterococcus faecalis	6fd1029a54765b8db7c1b5eaaf29de0b	YES
NC_013697	Deftia phage phiW-14, complete genome.	Delftia acidovorans	e5a3df6c7ae21f0b90643d0a642cc83c	YES
NC_013698	Clavibacter phage CMP1, complete genome.	Clavibacter michiganensis	5bb05fef9ff76d1bc56cd3bee95a37c9	YES
NC_013692	Pseudomonas phage LIT1, complete genome.	Pseudomonas aeruginosa	2ed63a6a44ddc607c5f8ffbd17c18a36	YES
NC_013691	Pseudomonas phage LUZ7, complete genome.	Pseudomonas aeruginosa	920e6f09cc037d9d69a42b3273773a2f	YES
NC_014036	Klebsiella phage KP15, complete genome.	Klebsiella pneumoniae	a7cad5c7e376770ecfa2d83584292980	YES
NC_014229	Streptomyces phage phiSASD1, complete genome.	Streptomyces avermitilis	f855f710aeb497e12a3905b42499c9a6	YES
NC_014260	Enterobacteria phage IME08, complete genome.	Escherichia coli	dd667b06aeac8b3d95d90893255922fb	YES
NC_014460	Staphylococcus phage SAP-26, complete genome.	Staphylococcus aureus	3dcf7c6d9fdc0fe9315de0a591d6dd98	YES
NC_014467	Enterobacteria phage RB16, complete genome.	Escherichia coli	f4e6a91b79e819fd9d0fdc979e127447	YES
NC_014595	Shigella phage SP18, complete genome.	Shigella sonnei	a8964ec493d5ae9886c2d89eca7c73b5	YES
NC_014635	Aeromonas phage phiAS4, complete genome.	Aeromonas salmonicida	cb2d043c687b78c68ca9158073434905	YES
NC_014636	Aeromonas phage phiAS5, complete genome.	Aeromonas salmonicida	8f7f9442953cb5eb26c60901546c06cd	YES
NC_014662	Enterobacteria phage CC31, complete genome.	Escherichia coli	1a146b0810d899adb7f0fdad72402dd9	YES
NC_014792	Enterobacteria phage vB_EcoM-VR7, complete genome.	Escherichia coli	e6e37a85cc272f1eeb4f4b185a1c22de	YES
NC_014900	Salmonella phage ST160, complete genome.	Salmonella enterica	477cd31d131feee76d469aaee2c325c0	YES
NC_006940	Salmonella phage SS3e, complete genome.	Salmonella enterica	cf1a9d07858b2ed56ff3041c4eae6a30	YES
NC_017973	Mycobacterium phage SWU1, complete genome.	Mycobacterium smegmatis	64e2624337c72f42d80e482920c12787	YES
NC_009235	Burkholderia phage phi644-2 chromosome, complete genome.	Burkholderia pseudomallei	9bd208687f038f95c4594786a819b314	YES
NC_011038	Yersinia phage Yepe2, complete genome.	Yersinia pestis	e234f2d8fabda7c517544489b57b313c	YES
NC_015157	Vibrio phage ICP1, complete genome.	Vibrio cholerae	90688b398d972b0d164d282d75600044	YES
NC_015158	Vibrio phage ICP2, complete genome.	Vibrio cholerae	478e85080aec66e4b957938664df6f85	YES
NC_015159	Vibrio phage ICP3, complete genome.	Vibrio cholerae	5cb82d0d1176c80df02b6a042cec5d7b	YES
NC_015209	Vibrio phage CTX chromosome I, complete genome.	Vibrio cholerae	3dbba82b943e4cac283304cdcf8d3ded	YES
NC_015210	Tsukamurella phage TPA2, complete genome.	Tsukamurella paurometabola	ebf90231ec6546681c2dd60043e9a43c	YES
NC_015249	Enterobacteria phage 285P, complete genome.	Escherichia coli	007e3555c4889d2bc7778308c4a3822e	YES
NC_015262	Clostridium phage phiCD6356, complete genome.	Clostridium difficile	9c89111e1928af840d9fc95960481997	YES
NC_015263	Lactococcus phage 949, complete genome.	Lactococcus lactis	343970015bcca932dcd957e14df31fb5	YES
NC_015264	Pseudomonas phage phiIBB-PF7A, complete genome.	Pseudomonas fluorescens	7c54ad03616d22fd868486e99a8b4083	YES
NC_015265	Burkholderia phage KS5, complete genome.	Burkholderia cenocepacia	15fe2f23a30b05c3f101042ee8098e5b	YES
NC_015266	Burkholderia phage KL3, complete genome.	Burkholderia ambifaria	21339102e3fb938c309e2c4e59c6b229	YES
NC_015270	Enterococcus phage EFRM31, complete genome.	Enterococcus faecalis	e08f02a96b3015b571b54fdcf4ec244b	YES
NC_015271	Salmonella phage Vi06, complete genome.	Salmonella enterica	d2b970d31cd50c28254970671c2724f8	YES
NC_015273	Burkholderia phage KS14, complete genome.	Burkholderia cenocepacia	cc0bc0b13a47e92063869236290b7958	YES
NC_015274	Streptococcus phage Dp-1, complete genome.	Streptococcus pneumoniae	e47c9c4ecb6f0249579e5d23bbb9bb53	YES
NC_015296	Salmonella phage Vi01, complete genome.	Salmonella enterica	7569bd96562e30725c98e40586e3a45c	YES
NC_015297	Ralstonia phage PE226, complete genome.	Ralstonia solanacearum	fd18289ca2a1fdd00d7a62ceefae3441	YES
NC_015456	Shigella phage Shfl1, complete genome.	Shigella flexneri	c9ec690b863670f707b3a8d253d71c41	YES
NC_015457	Shigella phage Shfl2, complete genome.	Shigella flexneri	a08df92719ddd2841b4a714e5443898b	YES
NC_015464	Campylobacter phage NCTC12673, complete genome.	Campylobacter jejuni	2a3cc72566f2b9000c267719e43284bb	YES
NC_015466	Roseobacter phage RDJL Phi 1, complete genome.	Roseobacter denitrificans	e43ff795ca9f4f0ceeac751a59a12673	YES
NC_015568	Clostridium phage phiCD38-2, complete genome.	Clostridium difficile	9c686bce658c5b9c37eadc02bf1fe529	YES
NC_015586	Stenotrophomonas phage phiSHP2, complete genome.	Stenotrophomonas maltophilia	7ca9b5a1ce782d45ca2a251d3cca7dd1	YES
NC_015721	Bdellovibrio phage phi1402, complete genome.	Bdellovibrio bacteriovorus	b57b94b3bdcde3e4f78ac449c80851b2	YES
NC_015937	Thermus phage TMA, complete genome.	Thermus thermophilus	118bffe3c22eb0a30b296f7de562f0c6	YES
NC_015938	Salmonella phage 7-11, complete genome.	Salmonella enterica	ed6972a5142e98dfc24edf2ae88a0db5	YES
NC_016071	Salmonella phage PVP-SE1, complete genome.	Salmonella enteritidis	b598e6979ad527bb42c9633d5ca36320	YES
NC_016158	Escherichia phage HK639, complete genome.	Escherichia coli	acb33926ab957e8f6cf29d8af180b688	YES
NC_016160	Escherichia phage HK75, complete genome.	Escherichia coli	177476d06cfd9b752fd66b9ddfcf6e57	YES
NC_016162	Vibrio phage VCY-phi, complete genome.	Vibrio cholerae	a40d58a8c6aca97b524182aa9fcf3b8e	YES
NC_016163	Yersinia phage phiR1-37, complete genome.	Yersinia enterocolitica	3b87102c6807461ea5d5f6d2aec3c333	YES
NC_016165	Rhodobacter phage RcapMu, complete genome.	Rhodobacter capsulatus	89694888ee0cf996fe57d7f213615977	YES
NC_016562	Campylobacter phage CPX, complete genome.	Campylobacter jejuni	f427436d9c2e100f0efa6edb9e6e1d02	YES
NC_016565	Staphylococcus phage S24-1, complete genome.	Staphylococcus aureus	47cea2ab7995205f52aca8cd5bb6ea96	YES
NC_016568	Helicobacter phage phiHP33, complete genome.	Helicobacter pylori	73bcb03b75abd98a657f23d81322c02c	YES
NC_016569	Nocardia phage NBR1, complete genome.	Nocardia brasiliensis	a724d5ce4eb1f126e18f7a5f3c509ce5	YES
NC_016570	Escherichia phage vB_EcoM_CBA120, complete genome.	Escherichia coli;	1ee2cfc684e1410e506ec6963b5831ad	YES
NC_016571	Pseudomonas phage OBP, complete genome.	Pseudomonas fluorescens	91d984df24898ad99029a06db4012838	YES
NC_016652	Rhodococcus phage REQ2, complete genome.	Rhodococcus equi	91642290a74c39d80d9f09f317086077	YES
NC_016654	Rhodococcus phage REQ3, complete genome.	Rhodococcus equi	9c37c7019d1329c3ac9c0d24a5802f25	YES
NC_016761	Salmonella phage SPN1S, complete genome.	pathenogenic Salmonella	e4b5cc2077aef7cc0a8c4aea06148cbf	YES
NC_016762	Pseudomonas phage phi297, complete genome.	Pseudomonas aeruginosa	6086a091cc06bc94b5dc83a112f43c5f	YES
NC_016763	Salmonella phage SE2, complete genome.	Salmonella enterica	b25627224d7dd566135b4050650f39a4	YES
NC_016765	Pseudomonas phage vB_PaeS_PMG1, complete genome.	Pseudomonas aeruginosa	c777cb3f0f4f66d0121843d43072618f	YES
NC_016767	Erwinia phage PEp14, complete genome.	Erwinia pyrifoliae	951bf91656e65cdbcfb5ac6cf877d014	YES
NC_016770	Bacteroides phage B124-14, complete genome.	Bacteroides fragilis	2f0a39870f51a8dd4f1b463c452db05d	YES
NC_016566	Shigella phage EP23, complete genome.	Shigella sonnei	01a60985952ed28018ffaa81d176ee5d	YES
NC_018834	Propionibacterium phage P9.1, complete genome.	Propionibacterium acnes	3bf5da02e73c1cbd692cba7421897195	YES
NC_018836	Streptomyces phage phiHau3, complete genome.	Streptomyces coelicolor	b3e1ae10d3a7e662a176e61026a2854a	YES
NC_018838	Propionibacterium phage P100_A, complete genome.	Propionibacterium acnes	440db1d4987a108fc271c683e4d7a962	YES
NC_018839	Propionibacterium phage P14.4, complete genome.	Propionibacterium acnes	1e7395bfd04d6ed6c5e6365d6fcd354c	YES
NC_018840	Propionibacterium phage P100_1, complete genome.	Propionibacterium acnes	438e3964edd0b161e2f11f5b61b01152	YES
NC_018841	Propionibacterium phage P101A, complete genome.	Propionibacterium acnes	a3cf6ebb631d4704d45fa50e935933f3	YES
NC_018842	Propionibacterium phage P1.1, complete genome.	Propionibacterium acnes	86b219e01660df5318039b287f1cca8a	YES
NC_018843	Salmonella phage SSU5, complete genome.	Salmonella enterica	d08ebee078a229316f9b8fb2e546596a	YES
NC_018845	Propionibacterium phage P104A, complete genome.	Propionibacterium acnes	e39ccd0e56773c9771afa9b0ba9b3251	YES
NC_018846	Escherichia phage P13374, complete genome.	Escherichia coli	220ae5991ae343ea68a88ae23b518ad6	YES
NC_018847	Propionibacterium phage ATCC29399B_T, complete genome.	Propionibacterium acnes	6ed26461d75a80d92d84a5c015466ea3	YES
NC_018848	Streptomyces phage SV1, complete genome.	Streptomyces venezuelae	e138c8fa4d44f1d55129bdd6c070980a	YES
NC_018849	Propionibacterium phage P105, complete genome.	Propionibacterium acnes	6829c5ad5c9ed5a45b5e9ac1e43b9e5a	YES
NC_018852	Propionibacterium phage P100D, complete genome.	Propionibacterium acnes	7d7eb87618c01d0d1b1b90a8d560a8db	YES
NC_018853	Streptomyce phage TG1, complete genome.	Streptomyces avermitilis	d76df909198b1ff059bbb525df4f3cce	YES
NC_018854	Escherichia phage KBNP21, complete genome.	Escherichia coli	bc732c6bf9f96b3541d2636b3f500c0d	YES
NC_018857	Bacillus phage BPS13, complete genome.	Bacillus cereus	ad1e6f16f7fb2358cdfa80c70f37dd24	YES
NC_018859	Escherichia phage KBNP135, complete genome.	Escherichia coli	a5265d709b738eaed18d3d6cc3caef19	YES
NC_018860	Bacillus phage BCP78, complete genome.	Bacillus cereus	dea294f39120727eeef7def3544da46c	YES
NC_018861	Campylobacter phage CP30A, complete genome.	Campylobacter jejuni	4cecdec00f0a73b5e16bf16f7e9f6bc7	YES
NC_018851	Propionibacterium phage ATCC29399B_C, complete genome.	Propionibacterium acnes	cda027469092ac6c6631266a8f49a26b	YES
NC_019399	Enterobacteria phage vB_EcoM_ACG-C40, complete genome.	Escherichia coli	e44bb7fb8d412489b674253ae596323a	YES
NC_019401	Cronobacter phage vB_CsaM_GAP32, complete genome.	Cronobacter sakazakii	1631fe8af5a5c89b3a1036851894e5c1	YES
NC_019402	Cronobacter phage vB_CsaP_GAP52, complete genome.	Cronobacter sakazakii	fe00763c6d72c883c7aa2af112188564	YES
NC_019403	Enterobacteria phage vB_EcoP_ACG-C91, complete genome.	Escherichia coli	4f01d964f88df83a487f5c7112f517e8	YES
NC_019406	Caulobacter phage CcrColossus, complete genome.	Caulobacter crescentus	a92ff55dfb062d9d2a37e039817ff69b	YES
NC_019407	Caulobacter phage CcrMagneto, complete genome.	Caulobacter crescentus	920ccb939403f6040e32065d2bab372a	YES
NC_019408	Caulobacter phage CcrRogue, complete genome.	Caulobacter crescentus	a1c9a491ef21dfd81e7589a1da84ddcd	YES
NC_019410	Caulobacter phage CcrKarma, complete genome.	Caulobacter crescentus	10ad05d617d5c3be9ab7c3201b97eaef	YES
NC_019411	Caulobacter phage CcrSwift, complete genome.	Caulobacter crescentus	d0a3c4929266defe97c04745f0b55ce2	YES
NC_019414	Streptomyces phage R4, complete genome.	Streptomyces coelicolor	4a64b80eba4829712f59ceaafa59ba35	YES
NC_019421	Clostridium phage phiMMP02, complete genome.	Clostridium difficile	74278879c979d288266b6ce1f2d11e12	YES
NC_019422	Clostridium phage phiMMP04, complete genome.	Clostridium difficile	a59592ef6c438bf664426913109f248a	YES
NC_017674	Pseudomonas phage JG024, complete genome.	Pseudomonas aeruginosa	4f293b54d257d53f8727c2c23b1d6fea	YES
NC_019442	Escherichia phage TL-2011c, complete genome.	Escherichia coli	28ccb7715e2afcd2391fd0b0893c12d7	YES
NC_019445	Escherichia phage TL-2011b, complete genome.	Escherichia coli	e42a77d9abfc4c10d8920b02a0af5aee	YES
NC_019446	Brucella phage Tb, complete genome.	Brucella abortus	84e0c91c71f86e2f283f537280785006	YES
NC_019447	Brucella phage Pr, complete genome.	Brucella melitensis	07107dab870c030d8e6caf05ab64d63e	YES
NC_019448	Staphylococcus phage GH15, complete genome.	Staphylococcus aureus	63fa6df2d5f2ff1308be08df1c44fa42	YES
NC_019451	Pseudomonas phage NH-4, complete genome.	Pseudomonas aeruginosa	115e2d556c6c2ef25dfd6090cd7c10de	YES
NC_019453	Caulobacter phage phiCb5, complete genome.	Caulobacter crescentus	38b7516631550ba68dfecde5c352fe17	YES
NC_019455	Haemophilus phage SuMu, complete genome.	Haemophilus parasuis	c493f02543a009c911c5d38fcdd13347	YES
NC_019456	Lactobacillus phage JCL1032, complete genome.	Lactobacillus delbrueckii	abebcc9134ed260b24b2ddd0d638d634	YES
NC_019457	Vibrio phage CP-T1, complete genome.	Vibrio cholerae	8999926e70c67ed1eae6cb3edb27cc64	YES
NC_019485	Enterobacter phage EcP1, complete genome.	Enterobacter cloacae	02d6bf8c3d9823346286c4d9d30a8b24	YES
NC_019488	Salmonella phage RE-2010, complete genome.	Salmonella enterica	7054ae7eba8bfe54cc3f35a4aca89336	YES
NC_019490	Riemerella phage RAP44, complete genome.	Riemerella anatipestifer	2503c69edff9471f60ca3b6e9a638741	YES
NC_019496	Clostridium phage phiCP26F, complete genome.	Clostridium perfringens	c821e5906a859f8dd4398e970318fb2d	YES
NC_019500	Enterobacteria phage Bp7, complete genome.	Escherichia coli	464e35652a5eb426320d810fe5f57e7c	YES
NC_019501	Enterobacteria phage IME10, complete genome.	Escherichia coli	1a729b94b00aade4a142ecd15d595c57	YES
NC_019502	Bacillus phage phIS3501, complete genome.	Bacillus thuringiensis	75398d6cc2dc339e30cd3f31545825dd	YES
NC_019503	Enterobacteria phage ime09, complete genome.	Escherichia coli	65c3b31ae5b2ec1d6a0cef3939ec218c	YES
NC_019504	Erwinia phage vB_EamM-Y2, complete genome.	Erwinia amylovora	791f430e512570caffedc173a6a4e223	YES
NC_019505	Escherichia phage wV7, complete genome.	Escherichia coli	40d88bfbe0e47daa42fcdf601cd60a4f	YES
NC_019506	Clostridium phage phiCP13O, complete genome.	Clostridium perfringens	e2b60605fe0309770bb19266dd682a84	YES
NC_019508	Clostridium phage phiCP34O, complete genome.	Clostridium perfringens	fe9db5eb704a53c8baffc01def2472f1	YES
NC_019509	Cronobacter phage ESP2949-1, complete genome.	Cronobacter sakazakii	bc7e1411c27b8b00b7a97bb3daafa526	YES
NC_019510	Erwinia phage vB_EamP-L1, complete genome.	Erwinia amylovora	fc665b7a988c4aea0da41c5aff43d9b7	YES
NC_019511	Staphylococcus phage SA11, complete genome.	Staphylococcus aureus	2b63fe9b1cc80834347d11abf21033c6	YES
NC_019512	Helicobacter phage 1961P, complete genome.	Helicobacter pylori	af77c1f22c4190dea34d0fb938a06050	YES
NC_019513	Staphylococcus phage SMSAP5, complete genome.	Staphylococcus aureus	99d1791d7aa6ae2a9d51d377534d483b	YES
NC_019514	Erwinia phage vB_EamP-S6, complete genome.	Erwinia amylovora	a2aa3c40e7b96cb52baa419280e8e226	YES
NC_019515	Bacillus phage BCD7, complete genome.	Bacillus cereus	957f90d8c864dcd52698132eb45c87cb	YES
NC_019518	Vibrio phage vB_VchM-138, complete genome.	Vibrio cholerae	0a026d880f602562797ab842e191b6cd	YES
NC_019522	Pectobacterium phage ZF40, complete genome.	Pectobacterium carotovorum	c0d52c17f6dbabcdd9ffab1ecf1a891a	YES
NC_019523	Clostridium phage phi24R, complete genome.	Clostridium perfringens	2f70e4f5dbec52a146749fa2611242ab	YES
NC_019525	Bdellovibrio phage phi1422, complete genome.	Bdellovibrio bacteriovorus	011478d9767b493c8a26d320d83c2388	YES
NC_019527	Aeromonas phage vB_AsaM-56, complete genome.	Aeromonas salmonicida	c39dfed44f5b774d684797fc875d24c3	YES
NC_019528	Aeromonas phage phiAS7, complete genome.	Aeromonas salmonicida	3c188e7030be5af5313a531a699e4871	YES
NC_019529	Vibrio phage pVp-1, complete genome.	Vibrio parahaemolyticus	06c74cd59fe55a5c25678a6bf33b4405	YES
NC_019530	Salmonella phage PhiSH19, complete genome.	Salmonella typhimurium	5352656f8b95e01ead5c3f0770514b38	YES
NC_018835	Enterobacteria phage NJ01, complete genome.	Escherichia coli	5135463cb49135cf8f9d396d70609fc8	YES
NC_018855	Enterobacteria phage HX01, complete genome.	Escherichia coli	c7c876e7078d393b15afd62285040e49	YES
NC_019398	Cronobacter phage vB_CsaM_GAP161, complete genome.	Cronobacter sakazakii	09ca6a23c8756d01d9d15a779e9ba4be	YES
NC_019400	Cronobacter phage vB_CsaM_GAP31, complete genome.	Cronobacter sakazakii	0975e658cd1f18b58255f7a32d14007d	YES
NC_019416	Stenotrophomonas phage IME15, complete genome.	Stenotrophomonas maltophilia	cc4736904168a5a75595ee9e753e194e	YES
NC_019423	Enterobacter phage IME11, complete genome.	Escherichia coli	7810331845fae25867c550ea5e79e7b3	YES
NC_019538	Aeromonas phage CC2, complete genome.	Aeromonas hydrophila	be3cf103d51861baabe2d75d4b94fd86	YES
NC_019539	Salmonella phage vB_SenS-Ent1, complete genome.	Salmonella enterica	cbb9c5a260030137ad89c7f006967ba3	YES
NC_019541	Acinetobacter phage Bphi-B1251, complete genome.	Acinetobacter baumannii	dfcfd5f2588652844288299bdb7f37b2	YES
NC_019543	Aeromonas phage Aes508, complete genome.	Aeromonas salmonicida	524a5a0d43b7adc2e6e073edeecc0b3c	YES
NC_019545	Salmonella phage SPN3UB, complete genome.	Salmonella typhimurium	1e49d829c5d759500c6934ce09acbf67	YES
NC_019548	Ralstonia phage RSS0, complete genome.	Ralstonia solanacearum	d707d8757518bc31a4470dd92e4adad9	YES
NC_005178	Pseudomonas phage D3112, complete genome.	Pseudomonas aeruginosa	1c80850a8ac279e1fe3140be02c2a2a7	YES
NC_004333	Burkholderia phage Bcep781, complete genome.	Burkholderia cepacia	da9a28ec79be9c72b2dac0cb791efaa8	YES
NC_004775	Enterobacteria phage epsilon15, complete genome.	Salmonella enterica	436e213a11af900d359155581c3021c9	YES
NC_005263	Burkholderia phage Bcep1, complete genome.	Burkholderia cenocepacia	1bab1cbc9e90a0fdce3e42f48594eacd	YES
NC_005882	Burkholderia phage BcepMu, complete genome.	Burkholderia cenocepacia	5abd8f841834fa2bc6798a80e38dac06	YES
NC_005886	Burkholderia phage BcepB1A, complete genome.	Burkholderia cenocepacia	7ad879734ae6ced21a691f60547b46e2	YES
NC_005964	Mycoplasma phage phiMFV1, complete genome.	Mycoplasma fermentans	f1f7078f4d7e3d0f5aa6ebae7076adac	YES
NC_007497	Burkholderia phage Bcep176, complete genome.	Burkholderia cepacia	94e8da7d046bd7221271fef0b2388693	YES
NC_008717	Pseudomonas phage DMS3, complete genome.	Pseudomonas aeruginosa	dca8edf54c32d25424e44e7f2fa3b58e	YES
NC_009818	Pseudomonas phage MP22, complete genome.	Pseudomonas aeruginosa	006febaeb43d18be133e35839b6a817f	YES
NC_011216	Burkholderia phage KS10, complete genome.	Burkholderia cenocepacia	93995ca4d52cd3ef5ccaddc4db09b4e5	YES
NC_019517	Enterobacteria phage vB_EcoM-FV3, complete genome.	Escherichia coli	4197ac3e24a60e1b95a9336bf7e0c8f7	YES
NC_019726	Staphylococcus phage JD007, complete genome.	Staphylococcus aureus	77d8dc7803b06a1d3828fa98d54005e5	YES
NC_019781	Klebsiella phage KP36, complete genome.	Klebsiella pneumoniae	d13372de0219ea1b3a2d3e6ade515d40	YES
NC_019813	Pseudomonas phage vB_PaeP_p2-10_Or1, complete genome.	Pseudomonas aeruginosa	6eef42078b0501dd2316082da93b07c8	YES
NC_009993	Mycobacterium phage Giles, complete genome.	Mycobacterium smegmatis	02cbe8dfbb82b216307cb2a740422201	YES
NC_019909	Yersinia phage phiR1-RT complete genome.	Yersinia enterocolitica	5e2d6d37cfb15ecf47b9e136ba4980a8	YES
NC_019911	Yersinia phage phi80-18 complete genome.	Yersinia enterocolitica	19b96bf1f7de75284e1aa21ad985775a	YES
NC_019916	Lactobacillus phage ATCC 8014-B1, complete genome.	Lactobacillus plantarum	e520136bbefafb9267c14facdf81ac8f	YES
NC_019917	Burkholderia phage BcepMigl, complete genome.	Burkholderia cenocepacia	503227715b8bdce505d4e682a62a4677	YES
NC_019919	Yersinia phage phiR201 complete genome.	Yersinia enterocolitica	5a85a0ac758f9ca24b03cc4bd47a0680	YES
NC_019927	Cronobacter phage ENT47670, complete genome.	Cronobacter sakazakii	79169950cbb2a2a276ed07cf13574cd4	YES
NC_019928	Helicobacter phage KHP30 DNA, complete genome.	Helicobacter pylori	d43ee47098323f90fb8de1ad2bbaa764	YES
NC_019931	Helicobacter phage KHP40 DNA, complete genome.	Helicobacter pylori	13acf7530de1b408ad9e1d0596f2863e	YES
NC_019932	Erwinia phage ENT90, complete genome.	Erwinia amylovora	597f1d998d2a98535179e01ac2fd5fa4	YES
NC_019934	Cronobacter phage ENT39118, complete genome.	Cronobacter sakazakii	7e25c6439528dc9adedd95434e7c5fce	YES
NC_019935	Pseudomonas phage KPP12 DNA, complete genome.	Pseudomonas aeruginosa	dab98d86a5b450ba6032173b14b156bc	YES
NC_017971	Pseudomonas phage tf complete genome.	Pseudomonas putida	7469a5a7ed97b4d72d2df136b0084b65	YES
NC_020197	Streptococcus phage TP-J34 complete genome.	Streptococcus thermophilus	e94a20a423f99741bb91f1258911a818	YES
NC_020201	Pectobacterium phage phiTE, complete genome.	Pectobacterium atrosepticum	136f7b3b4a7137b7b05d97a674e2a228	YES
NC_020204	Klebsiella phage JD001, complete genome.	Klebsiella pneumoniae	c25e261c9e073fcb645adcd29f98c406	YES
NC_020080	Klebsiella phage KP27, complete genome.	Klebsiella pneumoniae	00cd1a000b4e949ec633cfda6b5c1b0e	YES
NC_018086	Enterococcus phage BC-611, complete genome.	Enterococcus faecalis	d9e3ec9ff5b9fb9037d6ef1d97ab8c81	YES
NC_016563	Bacillus phage W.Ph., complete genome.	Bacillus cereus	006728a5c0e043ababc4a12248732ba4	YES
NC_019449	Lactobacillus phage c5, complete genome.	Lactobacillus delbrueckii	137587ef4f031702ba29bee1b7845963	YES
NC_019450	Pseudomonas phage JG004, complete genome.	Pseudomonas aeruginosa	f777f89401983acf3ed21c9ce5f49d41	YES
NC_018856	Bacillus phage Bastille, complete genome.	Bacillus cereus	b22811d30502359daeafc69c7aebfc3a	YES
NC_020414	Enterobacteria phage UAB_Phi78, complete genome.	Salmonella enterica	155670836deabd47dc6a9dc9926a957e	YES
NC_020488	Vibrio phage VvAW1, complete genome.	Vibrio vulnificus	1574fb2d77802a5bb475b1199da3f240	YES
NC_019912	Bacillus phage BMBtp2, complete genome.	Bacillus thuringiensis	9d96bc2ae5e593d2003552bb2889bf4a	YES
NC_020489	Rhodobacter phage RcapNL, complete genome.	Rhodobacter capsulatus	70b12a6f142648a08201f6a97920655f	YES
NC_016653	Rhodococcus phage RER2, complete genome.	Rhodococcus erythropolis	921e64680d657e0ce68110b2b15f5afb	YES
NC_009811	Listeria phage A511, complete genome.	Listeria monocytogenes	a724caaa99cbfd7f272b7e2123847dda	YES
NC_011041	Escherichia coli bacteriophage rv5, complete sequence.	Escherichia coli	bb1d328b52d7a5781450b5f2c62ba5e7	YES
NC_004678	Staphylococcus phage 44AHJD, complete genome.	Staphylococcus aureus	5238039e48947e71932cec8777332f5c	YES
NC_015251	Aeromonas phage 65, complete genome.	Aeromonas salmonicida	ab6b10e20b6ef625e9ffbbe1e2fc2238	YES
NC_020416	Salmonella phage S16, complete genome.	Salmonella enterica	aff8b31b9218742551f96d94a216dcc5	YES
NC_020873	Bacillus cereus bacteriophage vB_BceM_Bc431v3, complete genome.	Bacillus cereus	2f014a2d3b9f488b050e75533a1a5703	YES
NC_020876	Mycobacterium phage First, complete genome.	Mycobacterium smegmatis	a8e6d511bf1f3227f02a371e5c33cac1	YES
NC_021062	Pseudomonas phage Phi-S1, complete genome.	Pseudomonas fluorescens	8187c1be2c9cf4b9b7407d2c89f5347b	YES
NC_018832	Providencia phage Redjac, complete genome.	Providencia stuartii	da8d9fd59bbc1141f507e81265600d71	YES
NC_018850	Pseudomonas phage UFV-P2, complete genome.	Pseudomonas fluorescens	dab72e04fdc90a9d4a27e7c0d00615d6	YES
NC_019918	Pseudomonas phage vB_PaeM_C2-10_Ab1 complete genome.	Pseudomonas aeruginosa	64de30d7edc0714bc59f1fa2ac81d85e	YES
NC_019913	Pseudomonas phage PaP1, complete genome.	Pseudomonas aeruginosa	a36437c71bce7d3666264b6d97a369b9	YES
NC_020883	Bacillus phage PM1 DNA, complete genome.	Bacillus subtilis	15c5d98922c8043df00b3cba0429e5ce	YES
NC_016655	Rhodococcus phage REQ1, complete genome.	Rhodococcus equi	b9305909ca6295f3220765a0e65ed8c2	YES
NC_021556	Mycobacterium phage Leo, complete genome.	Mycobacterium tuberculosis;	f9502537b0e689a29782696d08c6e3c4	YES
NC_021569	Stenotrophomonas phage phiSMA7 proviral complete genome.	Stenotrophomonas maltophilia	ab96a874eb881f0f38eac719271ea0f8	YES
NC_019418	Streptococcus phage phiNJ2, complete genome.	Streptococcus suis	52e1801096ac7848c955c231598aae02	YES
NC_021347	Rhodococcus phage E3, complete genome.	Rhodococcus equi	5a962d8943bea52670b9e15311713a16	YES
NC_021326	Staphylococcus phage StauST398-1, complete genome.	Staphylococcus aureus	fc769f16547b65df10288207f400fcc2	YES
NC_021332	Staphylococcus phage StauST398-3, complete genome.	Staphylococcus aureus	0a8206797288704f971531c76d5e47f8	YES
NC_021531	Cronobacter phage CR5, complete genome.	Cronobacter sakazakii	5d33b244f433edf39ffbd03ffed65562	YES
NC_021316	Acinetobacter phage Abp1, complete genome.	Acinetobacter baumannii	63a1c6cfa8788d79328e4b2a2e0c731f	YES
NC_021533	Mycobacterium phage BTCU-1, complete genome.	Mycobacterium smegmatis	47a07a74cf4a06aeb854f34be4292100	YES
NC_021337	Acinetobacter phage AB3, complete genome.	carbapenem-resistant Acinetobacter	91092ec1efe378ee710ebc629267876b	YES
NC_021323	Staphylococcus phage StauST398-2, complete genome.	Staphylococcus aureus	7ab1ac4eeffb71fb637c9fd121c41593	YES
NC_021343	Burkholderia phage ST79, complete genome.	Burkholderia pseudomallei	653d018a283cc399d8c1310406c0c297	YES
NC_021540	Vibrio phage JA-1, complete genome.	Vibrio cholerae	6ad74f0c79367dfd0a3a2d84feadbae1	YES
NC_021532	Alteromonas phage vB_AmaP_AD45-P1, complete genome.	Alteromonas macleodii	a1d8c17d5d52ea643120b91c0509c8f6	YES
NC_021317	Salmonella phage L13, complete genome.	Salmonella gallinarum	e8fcc032cda7e8dc488f5b3e44b65862	YES
NC_021334	Mycobacterium phage WIVsmall, complete genome.	mycobacterium smegmatis	1232fb871bb8bbaaf564212a46501e20	YES
NC_021338	Mycobacterium phage Chy4, complete genome.	Mycobacterium tuberculosis;	062cffab8d376cf1f58ab41936523e5e	YES
NC_021318	Mycobacterium phage Chy5, complete genome.	Mycobacterium tuberculosis;	390eb814dff21390f71a460c21376611	YES
NC_021775	Salmonella phage FSL SP-031, complete genome.	Salmonella enterica	84543bfe1302a758ea30d447e6343d55	YES
NC_021779	Salmonella phage FSL SP-030, complete genome.	Salmonella enterica	3cd62e630bc5a5272abaa8e721d8b996	YES
NC_021780	Salmonella phage FSL SP-088, complete genome.	Salmonella enterica	4275445a87a9219b953ae2e2155adda9	YES
NC_021774	Salmonella phage FSL SP-004, complete genome.	Salmonella enterica	7283c1ee1156fdde68e998fc3666e7cd	YES
NC_021859	Mycobacterium phage DNAIII, complete genome.	Mycobacterium tuberculosis;	47a3e23a5ca68e88f806a77518f4716f	YES
NC_021861	Lactococcus phage BM13, complete genome.	Lactococcus lactis	39996869a0ec88438f1914770b593157	YES
NC_021336	Bacillus phage MG-B1, complete genome.	Bacillus weihenstephanensis	b5da45044fa7dafe247337cd078c9d4d	YES
NC_021562	Vibrio phage VFJ, complete genome.	Vibrio cholerae	6c91a0937c5a7497da0c503465af6638	YES
NC_019452	Escherichia phage PhaxI, complete genome.	Escherichia coli	5f71d6802d971cd77d7eb03e1f9bb4a5	YES
NC_021856	Bacillus phage phiNIT1 DNA, complete genome.	Bacillus subtilis	adb1cb03cd0eb174b13e218731cfb324	YES
NC_021862	Ralstonia phage RSS30 DNA, complete genome.	Ralstonia solanacearum	2c19ef283a232e73a0a1ab03e873100c	YES
NC_021866	Ralstonia phage RSS20 DNA.	Ralstonia solanacearum	1a3c30874f593930a01fc0b4e485874a	YES
NC_001909	Lactococcus phage bIL170, complete genome.	Lactococcus lactis	246d743e80f0f9dd3f9a57f66556fb21	YES
NC_008363	Lactococcus phage P008, complete genome.	Lactococcus lactis	93668f0eb8ff27e5bab314bb162a01ff	YES
NC_001422	Enterobacteria phage phiX174 sensu lato, complete genome.	Escherichia coli	3332ed720ac7eaa9b3655c06f6b9e196	YES
NC_000902	Enterobacteria phage VT2-Sakai, complete genome.	Escherichia coli	a586839273f587882d104ba4a99d53b8	YES
NC_004348	Enterobacteria phage ST64T, complete genome.	Salmonella enterica	907eb93c4825ce3b464e9dec23304bd2	YES
NC_005856	Enterobacteria phage P1, complete genome.	Escherichia coli	d889d42463de3eb3bf52c3ea7c3f74c6	YES
NC_008152	Enterobacteria phage K1-5, complete genome.	Escherichia coli	890c5a5835bdf91f2eb496ecf20f953c	YES
NC_021325	Clostridium phage vB_CpeS-CP51, complete genome.	Clostridium perfringens	34a9ee8a0950758a72abacb09c3a3934	YES
NC_007022	Aeromonas phage 31, complete genome.	Aeromonas salmonicida	b35715c0d3f2ff0c2dc0dad7e9ff9d12	YES
NC_005135	Aeromonas phage 44RR2.8t, complete genome.	Aeromonas salmonicida	acb6a9eb6bb868e0fcf36c39a2b78e86	YES
NC_020477	Bacillus phage Eoghan, complete genome.	Bacillus pumilus	3bd833f0a48e418bd3a06803870a9ec9	YES
NC_020478	Bacillus phage Andromeda, complete genome.	Bacillus pumilus	58e4c2ba62cb71adf580a6028370020c	YES
NC_020480	Bacillus phage Finn, complete genome.	Bacillus pumilus	49475940f218e54db8945f5d82426b04	YES
NC_022323	Escherichia phage 2 JES-2013, complete genome.	Escherichia coli	2da53186b67879bba9f64882c24ffe41	YES
NC_022334	Propionibacterium phage PHL112N00, complete genome.	Propionibacterium acnes	254aca193bfd62b121f137c28adc173a	YES
NC_022335	Propionibacterium phage PHL067M10, complete genome.	Propionibacterium acnes	5ca9a23c95e2ba8db3264e0ea821e5e7	YES
NC_022336	Propionibacterium phage PHL010M04, complete genome.	Propionibacterium acnes	7b89b7d3fcf3739c26e77b81219cbc2b	YES
NC_022337	Propionibacterium phage PHL071N05, complete genome.	Propionibacterium acnes	a9d3b51a0ae56bb04e01de4b3e630924	YES
NC_022338	Propionibacterium phage PHL060L00, complete genome.	Propionibacterium acnes	c4b5cee9041ff522982d8a0b69c05847	YES
NC_022339	Propionibacterium phage PHL037M02, complete genome.	Propionibacterium acnes	0e23a3ff6a07947746d1f70d780e34b8	YES
NC_022340	Propionibacterium phage PHL114L00, complete genome.	Propionibacterium acnes	55578664fd6920d41340cf835c871289	YES
NC_022341	Propionibacterium phage PHL113M01, complete genome.	Propionibacterium acnes	300e1e43a5e36a48c678d7571d2a084a	YES
NC_022342	Propionibacterium phage PHL111M01, complete genome.	Propionibacterium acnes	5d03743ea8373f32e06701323399e0a0	YES
NC_021778	Mannheimia phage vB_MhM_1152AP, complete genome.	Mannheimia haemolytica	3ec412a8c7c2020be7e2cb06bc399f83	YES
NC_021863	Staphylococcus phage SA13, complete genome.	Staphylococcus aureus	bc4b2b84b552df7dc0773838bc397b96	YES
NC_022094	Bacillus phage Wip1, complete genome.	Bacillus anthracis	9f5769c79fa5f11a4625a9fdf565bb99	YES
NC_019929	Erwinia phage phiEaH2, complete genome.	Erwinia amylovora	f33984bd9bdc6194d322e9db279e277c	YES
